position_bucket,candidate_hero,enemy_hero,response_count,candidate_bucket_count,enemy_seen_count,normalized_response_score
10,c1007,c1022,4,31,612,0.02904
10,c1007,c1104,4,31,383,0.03671
10,c1007,c1117,8,31,711,0.053886
10,c1007,c1133,5,31,630,0.035778
10,c1007,c1168,9,31,488,0.073173
10,c1007,c1176,4,31,506,0.031938
10,c1007,c1182,3,31,191,0.038987
10,c1007,c1183,5,31,707,0.033774
10,c1007,c2001,3,31,129,0.04744
10,c1007,c2007,6,31,422,0.052458
10,c1007,c2024,4,31,377,0.037001
10,c1007,c2066,3,31,311,0.030553
10,c1007,c2076,4,31,649,0.0282
10,c1007,c2124,9,31,1124,0.048215
10,c1007,c2131,3,31,714,0.020165
10,c1007,c2181,5,31,623,0.035979
10,c1007,c2184,4,31,789,0.025576
10,c1007,c2185,24,31,1603,0.107662
10,c1007,c4123,3,31,244,0.034494
10,c1007,c5033,3,31,107,0.052089
10,c1007,c5069,6,31,737,0.039695
10,c1007,c5154,4,31,1073,0.021932
10,c1020,c1007,5,8,55,0.238366
10,c1020,c1046,5,8,126,0.157485
10,c1020,c1133,3,8,630,0.042258
10,c1020,c2004,7,8,19,0.567775
10,c1020,c2007,3,8,422,0.051632
10,c1020,c2185,6,8,1603,0.052983
10,c1022,c1034,3,240,46,0.028552
10,c1022,c1046,10,240,126,0.057505
10,c1022,c1083,5,240,66,0.039728
10,c1022,c1103,3,240,51,0.027116
10,c1022,c1104,31,240,383,0.102248
10,c1022,c1117,38,240,711,0.091991
10,c1022,c1133,41,240,630,0.105441
10,c1022,c1143,11,240,141,0.059797
10,c1022,c1148,4,240,54,0.035136
10,c1022,c1150,3,240,47,0.028247
10,c1022,c1153,26,240,323,0.093383
10,c1022,c1168,42,240,488,0.122725
10,c1022,c1171,35,240,427,0.109332
10,c1022,c1172,48,240,894,0.103626
10,c1022,c1176,28,240,506,0.080348
10,c1022,c1177,16,240,97,0.104865
10,c1022,c1178,10,240,231,0.042471
10,c1022,c1182,10,240,191,0.046707
10,c1022,c1183,29,240,707,0.070402
10,c1022,c2001,9,240,129,0.05115
10,c1022,c2007,34,240,422,0.106836
10,c1022,c2024,9,240,377,0.02992
10,c1022,c2049,7,240,169,0.034758
10,c1022,c2066,26,240,311,0.095167
10,c1022,c2071,11,240,394,0.035772
10,c1022,c2076,47,240,649,0.119089
10,c1022,c2079,10,240,68,0.078278
10,c1022,c2103,12,240,300,0.044721
10,c1022,c2110,14,240,255,0.056592
10,c1022,c2112,7,240,98,0.045644
10,c1022,c2113,4,240,70,0.030861
10,c1022,c2124,56,240,1124,0.10782
10,c1022,c2127,13,240,88,0.089453
10,c1022,c2129,35,240,588,0.093169
10,c1022,c2131,40,240,714,0.096629
10,c1022,c2132,4,240,49,0.036886
10,c1022,c2181,42,240,623,0.108617
10,c1022,c2184,40,240,789,0.091921
10,c1022,c2185,90,240,1603,0.145101
10,c1022,c4004,12,240,213,0.053074
10,c1022,c4123,10,240,244,0.041324
10,c1022,c5033,8,240,107,0.049922
10,c1022,c5069,42,240,737,0.099864
10,c1022,c5072,32,240,407,0.102388
10,c1022,c5110,3,240,30,0.035355
10,c1022,c5111,20,240,193,0.092928
10,c1022,c5154,51,240,1073,0.1005
10,c1022,c6005,46,240,720,0.110659
10,c1022,c6017,3,240,50,0.027386
10,c1022,c6037,29,240,439,0.089343
10,c1022,c6050,6,240,163,0.030336
10,c1034,c1022,6,37,612,0.039873
10,c1034,c1091,4,37,63,0.082849
10,c1034,c1117,8,37,711,0.049324
10,c1034,c1153,5,37,323,0.045737
10,c1034,c1168,5,37,488,0.03721
10,c1034,c1171,9,37,427,0.071602
10,c1034,c1172,3,37,894,0.016495
10,c1034,c1176,3,37,506,0.021925
10,c1034,c1182,3,37,191,0.035686
10,c1034,c1183,8,37,707,0.049463
10,c1034,c2001,6,37,129,0.086847
10,c1034,c2049,3,37,169,0.037938
10,c1034,c2124,26,37,1124,0.127494
10,c1034,c2129,17,37,588,0.115255
10,c1034,c2131,7,37,714,0.043067
10,c1034,c2181,8,37,623,0.052692
10,c1034,c2184,3,37,789,0.017558
10,c1034,c4004,5,37,213,0.056322
10,c1034,c4123,5,37,244,0.052623
10,c1034,c5069,5,37,737,0.030279
10,c1034,c5154,19,37,1073,0.095357
10,c1046,c1104,4,35,383,0.034548
10,c1046,c1117,7,35,711,0.044374
10,c1046,c1153,3,35,323,0.028215
10,c1046,c1168,4,35,488,0.030607
10,c1046,c1171,12,35,427,0.09816
10,c1046,c1172,4,35,894,0.022613
10,c1046,c1183,12,35,707,0.076285
10,c1046,c2001,5,35,129,0.074412
10,c1046,c2066,5,35,311,0.047924
10,c1046,c2076,4,35,649,0.02654
10,c1046,c2124,14,35,1124,0.070585
10,c1046,c2129,12,35,588,0.083649
10,c1046,c2131,17,35,714,0.107539
10,c1046,c2184,10,35,789,0.060177
10,c1046,c5069,6,35,737,0.037358
10,c1046,c5072,6,35,407,0.050271
10,c1046,c5154,18,35,1073,0.092884
10,c1046,c6037,7,35,439,0.056472
10,c1060,c1133,7,13,630,0.077349
10,c1060,c2090,11,13,86,0.328982
10,c1060,c2131,3,13,714,0.031139
10,c1060,c5069,10,13,737,0.102163
10,c1060,c5154,6,13,1073,0.050802
10,c1060,c6005,3,13,720,0.031009
10,c1083,c1117,3,13,711,0.031204
10,c1083,c1153,3,13,323,0.046297
10,c1083,c1172,5,13,894,0.04638
10,c1083,c1176,12,13,506,0.147957
10,c1083,c1183,3,13,707,0.031292
10,c1083,c2071,3,13,394,0.041918
10,c1083,c2129,3,13,588,0.034313
10,c1083,c2131,3,13,714,0.031139
10,c1083,c5154,7,13,1073,0.059269
10,c1091,c1046,3,34,126,0.045835
10,c1091,c1104,6,34,383,0.052579
10,c1091,c1133,4,34,630,0.027331
10,c1091,c1172,24,34,894,0.137658
10,c1091,c1178,3,34,231,0.033851
10,c1091,c2024,25,34,377,0.220816
10,c1091,c2076,7,34,649,0.047123
10,c1091,c2110,12,34,255,0.128876
10,c1091,c2124,3,34,1124,0.015346
10,c1091,c2184,12,34,789,0.073266
10,c1091,c2185,19,34,1603,0.081386
10,c1091,c5111,4,34,193,0.049379
10,c1091,c5154,4,34,1073,0.020942
10,c1091,c6005,12,34,720,0.076696
10,c1091,c6037,3,34,439,0.024556
10,c1103,c1104,4,48,383,0.029501
10,c1103,c1117,13,48,711,0.07037
10,c1103,c1133,22,48,630,0.126512
10,c1103,c1168,8,48,488,0.052271
10,c1103,c1172,6,48,894,0.028964
10,c1103,c1178,6,48,231,0.05698
10,c1103,c1183,4,48,707,0.021713
10,c1103,c2024,3,48,377,0.022301
10,c1103,c2071,3,48,394,0.021815
10,c1103,c2090,6,48,86,0.093386
10,c1103,c2103,4,48,300,0.033333
10,c1103,c2110,15,48,255,0.135582
10,c1103,c2124,4,48,1124,0.017221
10,c1103,c2131,5,48,714,0.027008
10,c1103,c2181,9,48,623,0.052045
10,c1103,c2184,3,48,789,0.015416
10,c1103,c2185,20,48,1603,0.072101
10,c1103,c4123,3,48,244,0.027721
10,c1103,c5069,31,48,737,0.164819
10,c1103,c5072,9,48,407,0.064391
10,c1103,c5154,12,48,1073,0.052876
10,c1103,c6005,7,48,720,0.037654
10,c1103,c6037,7,48,439,0.048222
10,c1103,c6050,4,48,163,0.045222
10,c1104,c1022,18,99,612,0.073127
10,c1104,c1109,3,99,35,0.050965
10,c1104,c1117,9,99,711,0.033923
10,c1104,c1133,9,99,630,0.036037
10,c1104,c1153,5,99,323,0.027961
10,c1104,c1168,5,99,488,0.022748
10,c1104,c1171,8,99,427,0.03891
10,c1104,c1172,11,99,894,0.036975
10,c1104,c1176,49,99,506,0.218929
10,c1104,c1183,33,99,707,0.124735
10,c1104,c2007,5,99,422,0.024462
10,c1104,c2024,4,99,377,0.020705
10,c1104,c2071,11,99,394,0.055696
10,c1104,c2076,3,99,649,0.011835
10,c1104,c2090,3,99,86,0.032513
10,c1104,c2103,7,99,300,0.040618
10,c1104,c2112,4,99,98,0.04061
10,c1104,c2113,4,99,70,0.04805
10,c1104,c2124,24,99,1124,0.071947
10,c1104,c2129,17,99,588,0.07046
10,c1104,c2131,25,99,714,0.094031
10,c1104,c2181,12,99,623,0.048319
10,c1104,c2184,9,99,789,0.032202
10,c1104,c2185,24,99,1603,0.060246
10,c1104,c4004,7,99,213,0.048205
10,c1104,c4123,12,99,244,0.077209
10,c1104,c5069,11,99,737,0.040723
10,c1104,c5072,4,99,407,0.019927
10,c1104,c5154,33,99,1073,0.10125
10,c1104,c6005,21,99,720,0.078657
10,c1104,c6024,58,99,234,0.381068
10,c1104,c6037,14,99,439,0.067155
10,c1109,c1076,3,19,11,0.207514
10,c1109,c1171,4,19,427,0.044409
10,c1109,c2113,4,19,70,0.109682
10,c1109,c2124,16,19,1124,0.109486
10,c1109,c2129,14,19,588,0.132453
10,c1109,c2131,9,19,714,0.077271
10,c1109,c2184,9,19,789,0.073507
10,c1109,c4004,5,19,213,0.078597
10,c1109,c5072,3,19,407,0.034115
10,c1109,c5154,3,19,1073,0.021011
10,c1112,c1133,8,11,630,0.0961
10,c1112,c1172,5,11,894,0.05042
10,c1112,c2076,4,11,649,0.047341
10,c1112,c2110,3,11,255,0.056644
10,c1112,c2127,3,11,88,0.096424
10,c1112,c5069,6,11,737,0.066638
10,c1112,c5154,4,11,1073,0.036818
10,c1117,c1022,17,183,612,0.050798
10,c1117,c1046,12,183,126,0.079026
10,c1117,c1083,8,183,66,0.072793
10,c1117,c1104,42,183,383,0.158644
10,c1117,c1133,43,183,630,0.126641
10,c1117,c1143,3,183,141,0.018676
10,c1117,c1168,11,183,488,0.036809
10,c1117,c1171,12,183,427,0.042928
10,c1117,c1172,44,183,894,0.108782
10,c1117,c1176,6,183,506,0.019717
10,c1117,c1177,4,183,97,0.030023
10,c1117,c1178,10,183,231,0.048637
10,c1117,c1182,6,183,191,0.032093
10,c1117,c1183,22,183,707,0.061163
10,c1117,c2001,7,183,129,0.045559
10,c1117,c2007,15,183,422,0.053977
10,c1117,c2024,16,183,377,0.060915
10,c1117,c2049,4,183,169,0.022745
10,c1117,c2066,41,183,311,0.171861
10,c1117,c2071,3,183,394,0.011172
10,c1117,c2076,71,183,649,0.206021
10,c1117,c2090,5,183,86,0.039856
10,c1117,c2103,5,183,300,0.021339
10,c1117,c2110,9,183,255,0.041663
10,c1117,c2112,5,183,98,0.037336
10,c1117,c2124,36,183,1124,0.079377
10,c1117,c2127,4,183,88,0.031521
10,c1117,c2129,18,183,588,0.054873
10,c1117,c2131,38,183,714,0.105126
10,c1117,c2181,13,183,623,0.038501
10,c1117,c2184,36,183,789,0.094741
10,c1117,c2185,106,183,1603,0.19571
10,c1117,c4004,7,183,213,0.035455
10,c1117,c4123,5,183,244,0.023662
10,c1117,c5033,4,183,107,0.028585
10,c1117,c5069,90,183,737,0.245066
10,c1117,c5072,12,183,407,0.04397
10,c1117,c5111,6,183,193,0.031926
10,c1117,c5154,39,183,1073,0.088011
10,c1117,c5175,7,183,42,0.079845
10,c1117,c6005,27,183,720,0.074383
10,c1117,c6037,12,183,439,0.042337
10,c1117,c6050,7,183,163,0.04053
10,c1126,c1183,3,5,707,0.050458
10,c1126,c5154,3,5,1073,0.040958
10,c1129,c1176,3,3,506,0.076999
10,c1129,c2185,3,3,1603,0.043261
10,c1131,c2185,3,5,1603,0.03351
10,c1133,c1007,4,30,55,0.098473
10,c1133,c1034,3,30,46,0.080757
10,c1133,c1046,5,30,126,0.081325
10,c1133,c1104,5,30,383,0.046646
10,c1133,c1143,4,30,141,0.061502
10,c1133,c1150,3,30,47,0.079894
10,c1133,c1168,15,30,488,0.123971
10,c1133,c1172,11,30,894,0.067168
10,c1133,c1178,5,30,231,0.060062
10,c1133,c1183,6,30,707,0.041198
10,c1133,c2007,8,30,422,0.071101
10,c1133,c2024,7,30,377,0.065821
10,c1133,c2080,3,30,97,0.055613
10,c1133,c2110,3,30,255,0.0343
10,c1133,c2124,4,30,1124,0.021783
10,c1133,c2181,7,30,623,0.051203
10,c1133,c2184,3,30,789,0.019499
10,c1133,c2185,5,30,1603,0.0228
10,c1133,c5033,5,30,107,0.088251
10,c1133,c5069,6,30,737,0.040351
10,c1133,c5154,7,30,1073,0.039016
10,c1133,c6005,9,30,720,0.061237
10,c1143,c1022,5,43,612,0.030822
10,c1143,c1117,12,43,711,0.06863
10,c1143,c1148,5,43,54,0.103762
10,c1143,c1153,7,43,323,0.059397
10,c1143,c1168,8,43,488,0.055226
10,c1143,c1171,5,43,427,0.0369
10,c1143,c1172,6,43,894,0.030602
10,c1143,c1176,6,43,506,0.040676
10,c1143,c1183,5,43,707,0.028676
10,c1143,c2007,4,43,422,0.029694
10,c1143,c2024,3,43,377,0.023562
10,c1143,c2066,11,43,311,0.095121
10,c1143,c2076,4,43,649,0.023944
10,c1143,c2103,3,43,300,0.026414
10,c1143,c2110,5,43,255,0.047749
10,c1143,c2124,17,43,1124,0.077327
10,c1143,c2129,11,43,588,0.069178
10,c1143,c2131,17,43,714,0.097021
10,c1143,c2181,4,43,623,0.024439
10,c1143,c2184,10,43,789,0.054291
10,c1143,c2185,7,43,1603,0.026662
10,c1143,c4004,6,43,213,0.062694
10,c1143,c5069,9,43,737,0.050556
10,c1143,c5072,6,43,407,0.045354
10,c1143,c5154,11,43,1073,0.05121
10,c1143,c6005,7,43,720,0.039783
10,c1143,c6050,4,43,163,0.047778
10,c1147,c2124,3,4,1124,0.044741
10,c1148,c1133,3,6,630,0.048795
10,c1148,c2071,3,6,394,0.061702
10,c1150,c1117,3,12,711,0.032478
10,c1150,c1133,4,12,630,0.046004
10,c1150,c2024,3,12,377,0.044603
10,c1150,c2076,8,12,649,0.090652
10,c1150,c2184,4,12,789,0.041108
10,c1150,c2185,9,12,1603,0.064891
10,c1150,c5111,3,12,193,0.062338
10,c1150,c6005,5,12,720,0.053791
10,c1153,c1022,10,92,612,0.042143
10,c1153,c1046,4,92,126,0.037152
10,c1153,c1104,7,92,383,0.037291
10,c1153,c1117,6,92,711,0.02346
10,c1153,c1133,4,92,630,0.016615
10,c1153,c1143,14,92,141,0.122921
10,c1153,c1147,3,92,19,0.071755
10,c1153,c1168,11,92,488,0.051915
10,c1153,c1171,5,92,427,0.025227
10,c1153,c1172,47,92,894,0.163883
10,c1153,c1177,5,92,97,0.052929
10,c1153,c1178,4,92,231,0.027438
10,c1153,c1182,5,92,191,0.037719
10,c1153,c1183,14,92,707,0.054894
10,c1153,c2007,4,92,422,0.020301
10,c1153,c2024,22,92,377,0.118129
10,c1153,c2066,7,92,311,0.041383
10,c1153,c2076,6,92,649,0.024555
10,c1153,c2080,5,92,97,0.052929
10,c1153,c2103,10,92,300,0.060193
10,c1153,c2110,24,92,255,0.156692
10,c1153,c2112,10,92,98,0.105316
10,c1153,c2124,13,92,1124,0.040427
10,c1153,c2129,4,92,588,0.017198
10,c1153,c2131,5,92,714,0.019509
10,c1153,c2184,30,92,789,0.11135
10,c1153,c2185,40,92,1603,0.10416
10,c1153,c5033,3,92,107,0.030237
10,c1153,c5069,11,92,737,0.042244
10,c1153,c5072,15,92,407,0.077518
10,c1153,c5111,3,92,193,0.022514
10,c1153,c5154,40,92,1073,0.127311
10,c1153,c6005,17,92,720,0.066052
10,c1153,c6024,4,92,234,0.027262
10,c1153,c6037,17,92,439,0.084591
10,c1153,c6050,13,92,163,0.106159
10,c1159,c2066,3,3,311,0.098216
10,c1160,c1022,3,9,612,0.040423
10,c1160,c1171,3,9,427,0.048393
10,c1160,c1176,3,9,506,0.044455
10,c1160,c1183,3,9,707,0.037609
10,c1160,c2071,3,9,394,0.050379
10,c1160,c2124,4,9,1124,0.03977
10,c1160,c2184,3,9,789,0.035601
10,c1160,c5154,4,9,1073,0.040704
10,c1162,c1117,3,17,711,0.027287
10,c1162,c1133,6,17,630,0.057977
10,c1162,c1153,9,17,323,0.121455
10,c1162,c1171,4,17,427,0.046948
10,c1162,c1172,3,17,894,0.024335
10,c1162,c1183,6,17,707,0.054729
10,c1162,c2110,5,17,255,0.075941
10,c1162,c2124,5,17,1124,0.036171
10,c1162,c2185,8,17,1603,0.048462
10,c1162,c5033,3,17,107,0.07034
10,c1162,c5154,6,17,1073,0.044425
10,c1162,c6005,4,17,720,0.036155
10,c1168,c1022,21,123,612,0.07654
10,c1168,c1034,4,123,46,0.053178
10,c1168,c1046,9,123,126,0.072294
10,c1168,c1083,4,123,66,0.044395
10,c1168,c1103,3,123,51,0.037878
10,c1168,c1104,11,123,383,0.05068
10,c1168,c1117,17,123,711,0.057486
10,c1168,c1133,8,123,630,0.028739
10,c1168,c1143,5,123,141,0.037967
10,c1168,c1150,3,123,47,0.039457
10,c1168,c1171,21,123,427,0.091633
10,c1168,c1172,43,123,894,0.129672
10,c1168,c1176,4,123,506,0.016034
10,c1168,c1178,15,123,231,0.088988
10,c1168,c1182,7,123,191,0.04567
10,c1168,c1183,13,123,707,0.044084
10,c1168,c2007,12,123,422,0.052671
10,c1168,c2012,4,123,26,0.070733
10,c1168,c2024,17,123,377,0.078945
10,c1168,c2066,9,123,311,0.046016
10,c1168,c2070,5,123,30,0.082311
10,c1168,c2071,5,123,394,0.022713
10,c1168,c2076,24,123,649,0.084945
10,c1168,c2079,3,123,68,0.032803
10,c1168,c2080,8,123,97,0.073241
10,c1168,c2103,11,123,300,0.057264
10,c1168,c2110,6,123,255,0.033879
10,c1168,c2112,6,123,98,0.054649
10,c1168,c2124,28,123,1124,0.075305
10,c1168,c2129,19,123,588,0.07065
10,c1168,c2131,17,123,714,0.057365
10,c1168,c2181,20,123,623,0.072249
10,c1168,c2184,29,123,789,0.093091
10,c1168,c2185,54,123,1603,0.121611
10,c1168,c4004,3,123,213,0.018534
10,c1168,c4123,7,123,244,0.040406
10,c1168,c5069,23,123,737,0.076391
10,c1168,c5072,23,123,407,0.102796
10,c1168,c5111,7,123,193,0.045433
10,c1168,c5154,30,123,1073,0.082579
10,c1168,c6005,12,123,720,0.040324
10,c1168,c6037,11,123,439,0.047338
10,c1168,c6050,11,123,163,0.077687
10,c1171,c1022,7,70,612,0.03382
10,c1171,c1104,15,70,383,0.09161
10,c1171,c1117,6,70,711,0.026895
10,c1171,c1133,11,70,630,0.052381
10,c1171,c1153,3,70,323,0.019951
10,c1171,c1172,9,70,894,0.035977
10,c1171,c1176,28,70,506,0.148776
10,c1171,c1182,3,70,191,0.025945
10,c1171,c1183,11,70,707,0.049446
10,c1171,c2002,4,70,36,0.079682
10,c1171,c2007,4,70,422,0.023273
10,c1171,c2024,3,70,377,0.018467
10,c1171,c2049,7,70,169,0.064358
10,c1171,c2066,7,70,311,0.047443
10,c1171,c2071,22,70,394,0.132472
10,c1171,c2076,9,70,649,0.042225
10,c1171,c2124,15,70,1124,0.053476
10,c1171,c2128,3,70,26,0.070321
10,c1171,c2129,17,70,588,0.083794
10,c1171,c2131,19,70,714,0.084988
10,c1171,c2181,3,70,623,0.014366
10,c1171,c2184,12,70,789,0.051062
10,c1171,c2185,40,70,1603,0.119411
10,c1171,c4004,4,70,213,0.032758
10,c1171,c5069,15,70,737,0.06604
10,c1171,c5072,9,70,407,0.053321
10,c1171,c5154,15,70,1073,0.054732
10,c1171,c6005,7,70,720,0.03118
10,c1171,c6024,4,70,234,0.031254
10,c1171,c6050,10,70,163,0.093618
10,c1172,c1022,17,57,612,0.09102
10,c1172,c1104,10,57,383,0.06768
10,c1172,c1117,3,57,711,0.014902
10,c1172,c1133,12,57,630,0.063325
10,c1172,c1153,4,57,323,0.02948
10,c1172,c1168,11,57,488,0.065955
10,c1172,c1171,7,57,427,0.044869
10,c1172,c1176,5,57,506,0.029441
10,c1172,c1178,6,57,231,0.052289
10,c1172,c1182,4,57,191,0.038336
10,c1172,c1183,7,57,707,0.03487
10,c1172,c2007,15,57,422,0.096716
10,c1172,c2071,9,57,394,0.060056
10,c1172,c2076,6,57,649,0.031195
10,c1172,c2079,5,57,68,0.080312
10,c1172,c2103,4,57,300,0.030589
10,c1172,c2113,3,57,70,0.047494
10,c1172,c2124,21,57,1124,0.082966
10,c1172,c2128,6,57,26,0.155857
10,c1172,c2129,10,57,588,0.054623
10,c1172,c2131,11,57,714,0.054526
10,c1172,c2181,8,57,623,0.042453
10,c1172,c2184,9,57,789,0.042439
10,c1172,c2185,24,57,1603,0.079398
10,c1172,c5069,9,57,737,0.043911
10,c1172,c6005,12,57,720,0.059235
10,c1172,c6037,6,57,439,0.03793
10,c1173,c1183,3,4,707,0.056413
10,c1173,c2124,3,4,1124,0.044741
10,c1176,c1007,3,223,55,0.027089
10,c1176,c1022,34,223,612,0.092035
10,c1176,c1034,5,223,46,0.049367
10,c1176,c1046,12,223,126,0.071589
10,c1176,c1091,6,223,63,0.050621
10,c1176,c1104,3,223,383,0.010265
10,c1176,c1117,38,223,711,0.095433
10,c1176,c1133,37,223,630,0.098714
10,c1176,c1143,16,223,141,0.090231
10,c1176,c1150,3,223,47,0.029304
10,c1176,c1153,17,223,323,0.063343
10,c1176,c1162,5,223,45,0.049913
10,c1176,c1168,27,223,488,0.081847
10,c1176,c1172,63,223,894,0.141098
10,c1176,c1177,9,223,97,0.061193
10,c1176,c1178,13,223,231,0.057278
10,c1176,c1182,7,223,191,0.033918
10,c1176,c1183,41,223,707,0.103258
10,c1176,c2001,4,223,129,0.023584
10,c1176,c2007,42,223,422,0.136912
10,c1176,c2023,3,223,39,0.032169
10,c1176,c2024,20,223,377,0.068977
10,c1176,c2049,11,223,169,0.056663
10,c1176,c2066,3,223,311,0.011392
10,c1176,c2071,32,223,394,0.107957
10,c1176,c2076,14,223,649,0.0368
10,c1176,c2079,4,223,68,0.032483
10,c1176,c2080,12,223,97,0.081591
10,c1176,c2090,3,223,86,0.021663
10,c1176,c2103,33,223,300,0.127585
10,c1176,c2110,25,223,255,0.104838
10,c1176,c2112,4,223,98,0.027058
10,c1176,c2124,54,223,1124,0.107859
10,c1176,c2125,3,223,12,0.057993
10,c1176,c2127,8,223,88,0.057108
10,c1176,c2128,3,223,26,0.039399
10,c1176,c2129,26,223,588,0.071801
10,c1176,c2131,40,223,714,0.100244
10,c1176,c2132,3,223,49,0.028699
10,c1176,c2181,22,223,623,0.059024
10,c1176,c2184,51,223,789,0.121585
10,c1176,c2185,99,223,1603,0.165583
10,c1176,c4123,10,223,244,0.04287
10,c1176,c5033,11,223,107,0.071211
10,c1176,c5069,26,223,737,0.064134
10,c1176,c5072,10,223,407,0.033193
10,c1176,c5089,5,223,20,0.074869
10,c1176,c5111,8,223,193,0.038562
10,c1176,c5154,35,223,1073,0.071551
10,c1176,c5175,6,223,42,0.061997
10,c1176,c6005,53,223,720,0.132269
10,c1176,c6024,21,223,234,0.09193
10,c1176,c6037,27,223,439,0.086294
10,c1176,c6050,6,223,163,0.031471
10,c1177,c1022,12,55,612,0.065407
10,c1177,c1083,3,55,66,0.049793
10,c1177,c1104,3,55,383,0.02067
10,c1177,c1117,15,55,711,0.075853
10,c1177,c1133,8,55,630,0.042977
10,c1177,c1153,5,55,323,0.037513
10,c1177,c1171,7,55,427,0.045678
10,c1177,c1172,6,55,894,0.027058
10,c1177,c1176,18,55,506,0.107899
10,c1177,c1183,7,55,707,0.035498
10,c1177,c2002,3,55,36,0.06742
10,c1177,c2007,5,55,422,0.03282
10,c1177,c2049,6,55,169,0.062234
10,c1177,c2071,5,55,394,0.033966
10,c1177,c2076,10,55,649,0.052929
10,c1177,c2124,30,55,1124,0.120658
10,c1177,c2129,15,55,588,0.083411
10,c1177,c2131,22,55,714,0.111018
10,c1177,c2181,10,55,623,0.054022
10,c1177,c2184,6,55,789,0.028803
10,c1177,c2185,23,55,1603,0.07746
10,c1177,c4123,5,55,244,0.043161
10,c1177,c5069,7,55,737,0.034768
10,c1177,c5154,6,55,1073,0.024698
10,c1177,c6005,6,55,720,0.030151
10,c1177,c6024,3,55,234,0.026444
10,c1177,c6037,8,55,439,0.051484
10,c1178,c1022,38,71,612,0.182297
10,c1178,c1104,6,71,383,0.036385
10,c1178,c1117,17,71,711,0.075663
10,c1178,c1133,8,71,630,0.037826
10,c1178,c1168,11,71,488,0.059095
10,c1178,c1171,6,71,427,0.034459
10,c1178,c1172,11,71,894,0.043661
10,c1178,c1176,9,71,506,0.047483
10,c1178,c1182,7,71,191,0.060111
10,c1178,c1183,12,71,707,0.05356
10,c1178,c2001,6,71,129,0.062694
10,c1178,c2007,21,71,422,0.12132
10,c1178,c2049,3,71,169,0.027387
10,c1178,c2066,3,71,311,0.020189
10,c1178,c2071,4,71,394,0.023916
10,c1178,c2076,10,71,649,0.046585
10,c1178,c2103,9,71,300,0.061667
10,c1178,c2112,3,71,98,0.035965
10,c1178,c2124,13,71,1124,0.046018
10,c1178,c2129,6,71,588,0.029365
10,c1178,c2131,8,71,714,0.035531
10,c1178,c2181,16,71,623,0.076076
10,c1178,c2184,10,71,789,0.042251
10,c1178,c2185,25,71,1603,0.074104
10,c1178,c4004,4,71,213,0.032527
10,c1178,c4123,12,71,244,0.091171
10,c1178,c5069,11,71,737,0.048087
10,c1178,c5072,3,71,407,0.017648
10,c1178,c5111,4,71,193,0.034171
10,c1178,c5154,15,71,1073,0.054345
10,c1178,c6005,15,71,720,0.066343
10,c1178,c6024,3,71,234,0.023275
10,c1178,c6037,8,71,439,0.045314
10,c1179,c1022,3,14,612,0.03241
10,c1179,c1117,8,14,711,0.080185
10,c1179,c1172,9,14,894,0.080447
10,c1179,c1183,3,14,707,0.030154
10,c1179,c2181,8,14,623,0.085661
10,c1179,c4123,5,14,244,0.085548
10,c1179,c5154,4,14,1073,0.032636
10,c1182,c1022,13,180,612,0.039168
10,c1182,c1034,4,180,46,0.043959
10,c1182,c1046,8,180,126,0.053121
10,c1182,c1083,10,180,66,0.091747
10,c1182,c1104,10,180,383,0.038086
10,c1182,c1117,32,180,711,0.08945
10,c1182,c1133,50,180,630,0.148478
10,c1182,c1148,8,180,54,0.081144
10,c1182,c1168,22,180,488,0.074229
10,c1182,c1171,3,180,427,0.010821
10,c1182,c1172,25,180,894,0.062321
10,c1182,c1176,9,180,506,0.029822
10,c1182,c1177,3,180,97,0.022704
10,c1182,c1178,5,180,231,0.02452
10,c1182,c1183,14,180,707,0.039245
10,c1182,c2007,26,180,422,0.094337
10,c1182,c2024,27,180,377,0.103647
10,c1182,c2048,4,180,34,0.051131
10,c1182,c2066,19,180,311,0.080304
10,c1182,c2071,5,180,394,0.018775
10,c1182,c2076,174,180,649,0.509085
10,c1182,c2079,3,180,68,0.027116
10,c1182,c2080,3,180,97,0.022704
10,c1182,c2090,3,180,86,0.024112
10,c1182,c2102,3,180,36,0.037268
10,c1182,c2103,9,180,300,0.03873
10,c1182,c2110,4,180,255,0.01867
10,c1182,c2112,4,180,98,0.030117
10,c1182,c2124,17,180,1124,0.037795
10,c1182,c2126,3,180,23,0.046625
10,c1182,c2127,6,180,88,0.047673
10,c1182,c2129,12,180,588,0.036886
10,c1182,c2131,18,180,714,0.05021
10,c1182,c2181,15,180,623,0.044793
10,c1182,c2184,33,180,789,0.087567
10,c1182,c2185,99,180,1603,0.184303
10,c1182,c4004,3,180,213,0.015321
10,c1182,c4123,4,180,244,0.019087
10,c1182,c5033,3,180,107,0.021617
10,c1182,c5069,31,180,737,0.085112
10,c1182,c5072,15,180,407,0.055419
10,c1182,c5111,23,180,193,0.123399
10,c1182,c5154,22,180,1073,0.05006
10,c1182,c6005,63,180,720,0.175
10,c1182,c6024,4,180,234,0.01949
10,c1182,c6037,9,180,439,0.032017
10,c1182,c6050,6,180,163,0.035028
10,c1183,c1022,6,33,612,0.04222
10,c1183,c1117,4,33,711,0.026114
10,c1183,c1133,4,33,630,0.027742
10,c1183,c1168,11,33,488,0.086681
10,c1183,c1172,4,33,894,0.023288
10,c1183,c1176,3,33,506,0.023216
10,c1183,c1178,5,33,231,0.057267
10,c1183,c2007,7,33,422,0.059318
10,c1183,c2024,6,33,377,0.053793
10,c1183,c2049,3,33,169,0.040172
10,c1183,c2076,4,33,649,0.027333
10,c1183,c2124,9,33,1124,0.046731
10,c1183,c2129,7,33,588,0.050252
10,c1183,c2184,12,33,789,0.074368
10,c1183,c2185,16,33,1603,0.069566
10,c1183,c5033,5,33,107,0.084144
10,c1183,c5069,6,33,737,0.038473
10,c1183,c5110,3,33,30,0.095346
10,c1183,c5154,4,33,1073,0.021257
10,c1183,c6005,9,33,720,0.058387
10,c1183,c6037,5,33,439,0.041541
10,c1183,c6050,4,33,163,0.054539
10,c2001,c1083,4,44,66,0.074227
10,c2001,c1104,5,44,383,0.038516
10,c2001,c1133,15,44,630,0.090094
10,c2001,c1172,7,44,894,0.035294
10,c2001,c1176,3,44,506,0.020106
10,c2001,c1178,3,44,231,0.029757
10,c2001,c1182,4,44,191,0.043633
10,c2001,c1183,4,44,707,0.022679
10,c2001,c2007,3,44,422,0.022016
10,c2001,c2024,4,44,377,0.031057
10,c2001,c2048,4,44,34,0.103418
10,c2001,c2066,8,44,311,0.068389
10,c2001,c2071,5,44,394,0.037975
10,c2001,c2076,15,44,649,0.088765
10,c2001,c2090,3,44,86,0.048769
10,c2001,c2103,3,44,300,0.026112
10,c2001,c2110,3,44,255,0.028322
10,c2001,c2124,5,44,1124,0.022483
10,c2001,c2131,4,44,714,0.022568
10,c2001,c2184,12,44,789,0.064405
10,c2001,c2185,24,44,1603,0.090369
10,c2001,c5069,10,44,737,0.055532
10,c2001,c5072,15,44,407,0.11209
10,c2001,c5111,4,44,193,0.043407
10,c2001,c5154,11,44,1073,0.050625
10,c2001,c6005,6,44,720,0.03371
10,c2001,c6050,3,44,163,0.035424
10,c2002,c1168,7,12,488,0.091474
10,c2002,c2007,3,12,422,0.042157
10,c2002,c2024,4,12,377,0.05947
10,c2002,c2076,4,12,649,0.045326
10,c2002,c2184,3,12,789,0.030831
10,c2002,c5069,3,12,737,0.0319
10,c2002,c6005,8,12,720,0.086066
10,c2004,c1007,10,13,55,0.373979
10,c2004,c1020,8,13,19,0.509028
10,c2004,c1133,3,13,630,0.03315
10,c2004,c1168,3,13,488,0.037665
10,c2004,c1172,3,13,894,0.027828
10,c2004,c2007,3,13,422,0.040504
10,c2004,c2024,6,13,377,0.085706
10,c2004,c2181,3,13,623,0.033335
10,c2004,c2185,10,13,1603,0.069273
10,c2004,c6005,3,13,720,0.031009
10,c2007,c1007,3,92,55,0.042174
10,c2007,c1022,5,92,612,0.021072
10,c2007,c1046,3,92,126,0.027864
10,c2007,c1103,3,92,51,0.043797
10,c2007,c1104,6,92,383,0.031964
10,c2007,c1117,20,92,711,0.078199
10,c2007,c1133,30,92,630,0.124611
10,c2007,c1153,5,92,323,0.029005
10,c2007,c1168,11,92,488,0.051915
10,c2007,c1171,12,92,427,0.060544
10,c2007,c1172,6,92,894,0.020921
10,c2007,c1176,3,92,506,0.013904
10,c2007,c1178,7,92,231,0.048017
10,c2007,c1182,6,92,191,0.045263
10,c2007,c1183,7,92,707,0.027447
10,c2007,c2023,3,92,39,0.050084
10,c2007,c2024,4,92,377,0.021478
10,c2007,c2048,3,92,34,0.05364
10,c2007,c2049,4,92,169,0.032079
10,c2007,c2066,10,92,311,0.059119
10,c2007,c2071,6,92,394,0.031514
10,c2007,c2076,17,92,649,0.069572
10,c2007,c2080,5,92,97,0.052929
10,c2007,c2090,6,92,86,0.067454
10,c2007,c2102,5,92,36,0.086881
10,c2007,c2110,6,92,255,0.039173
10,c2007,c2124,26,92,1124,0.080853
10,c2007,c2127,5,92,88,0.055569
10,c2007,c2129,11,92,588,0.047294
10,c2007,c2131,6,92,714,0.02341
10,c2007,c2181,21,92,623,0.087717
10,c2007,c2184,24,92,789,0.08908
10,c2007,c2185,37,92,1603,0.096348
10,c2007,c4004,6,92,213,0.042862
10,c2007,c4123,5,92,244,0.033372
10,c2007,c5033,5,92,107,0.050395
10,c2007,c5069,23,92,737,0.088328
10,c2007,c5072,9,92,407,0.046511
10,c2007,c5111,3,92,193,0.022514
10,c2007,c5154,15,92,1073,0.047742
10,c2007,c5175,3,92,42,0.048262
10,c2007,c6005,10,92,720,0.038854
10,c2007,c6024,8,92,234,0.054524
10,c2007,c6037,7,92,439,0.034831
10,c2007,c6050,3,92,163,0.024498
10,c2009,c2111,3,3,19,0.39736
10,c2009,c2129,3,3,588,0.071429
10,c2009,c2131,3,3,714,0.06482
10,c2012,c1022,5,13,612,0.056056
10,c2012,c1153,7,13,323,0.108025
10,c2012,c1171,6,13,427,0.080531
10,c2012,c1183,3,13,707,0.031292
10,c2012,c2071,6,13,394,0.083836
10,c2012,c2124,4,13,1124,0.033091
10,c2012,c2181,3,13,623,0.033335
10,c2012,c5154,5,13,1073,0.042335
10,c2015,c1133,12,18,630,0.112687
10,c2015,c1172,4,18,894,0.031532
10,c2015,c2024,4,18,377,0.048557
10,c2015,c2048,3,18,34,0.121268
10,c2015,c2076,3,18,649,0.027756
10,c2015,c2102,3,18,36,0.117851
10,c2015,c2103,3,18,300,0.040825
10,c2015,c2127,3,18,88,0.075378
10,c2015,c2181,3,18,623,0.02833
10,c2015,c2184,3,18,789,0.025174
10,c2015,c2185,13,18,1603,0.076532
10,c2015,c5069,8,18,737,0.069458
10,c2015,c5154,4,18,1073,0.028782
10,c2016,c1133,4,7,630,0.060234
10,c2016,c2076,3,7,649,0.044509
10,c2016,c2102,3,7,36,0.188982
10,c2016,c2181,3,7,623,0.045428
10,c2016,c2184,3,7,789,0.040368
10,c2016,c5069,3,7,737,0.041768
10,c2016,c6005,3,7,720,0.042258
10,c2019,c1171,4,10,427,0.061213
10,c2019,c2076,3,10,649,0.037239
10,c2019,c2124,3,10,1124,0.028297
10,c2019,c2181,8,10,623,0.101355
10,c2023,c1022,4,35,612,0.027331
10,c2023,c1104,4,35,383,0.034548
10,c2023,c1117,12,35,711,0.07607
10,c2023,c1153,4,35,323,0.037621
10,c2023,c1171,21,35,427,0.17178
10,c2023,c1172,5,35,894,0.028266
10,c2023,c1176,4,35,506,0.030057
10,c2023,c1183,3,35,707,0.019071
10,c2023,c2071,5,35,394,0.042578
10,c2023,c2103,3,35,300,0.029277
10,c2023,c2124,22,35,1124,0.110919
10,c2023,c2131,9,35,714,0.056932
10,c2023,c2181,5,35,623,0.03386
10,c2023,c2184,8,35,789,0.048141
10,c2023,c2185,14,35,1603,0.059105
10,c2023,c4123,3,35,244,0.032463
10,c2023,c5069,3,35,737,0.018679
10,c2023,c5072,7,35,407,0.05865
10,c2023,c5154,6,35,1073,0.030961
10,c2023,c5175,3,35,42,0.078246
10,c2023,c6037,3,35,439,0.024202
10,c2024,c1022,31,49,612,0.179014
10,c2024,c1117,7,49,711,0.037503
10,c2024,c1133,4,49,630,0.022766
10,c2024,c1153,4,49,323,0.031795
10,c2024,c1168,5,49,488,0.032334
10,c2024,c1171,3,49,427,0.02074
10,c2024,c1172,13,49,894,0.062112
10,c2024,c1176,5,49,506,0.031754
10,c2024,c1182,3,49,191,0.03101
10,c2024,c1183,10,49,707,0.053727
10,c2024,c2002,3,49,36,0.071429
10,c2024,c2007,7,49,422,0.048679
10,c2024,c2049,6,49,169,0.065934
10,c2024,c2066,3,49,311,0.024302
10,c2024,c2103,3,49,300,0.024744
10,c2024,c2124,25,49,1124,0.106527
10,c2024,c2129,17,49,588,0.100153
10,c2024,c2131,15,49,714,0.080194
10,c2024,c2181,10,49,623,0.057235
10,c2024,c2184,7,49,789,0.035601
10,c2024,c2185,10,49,1603,0.035681
10,c2024,c4123,3,49,244,0.027436
10,c2024,c5069,6,49,737,0.031573
10,c2024,c5072,3,49,407,0.021243
10,c2024,c5111,3,49,193,0.030849
10,c2024,c5154,11,49,1073,0.047973
10,c2024,c6005,3,49,720,0.015972
10,c2024,c6024,3,49,234,0.028017
10,c2024,c6037,5,49,439,0.034091
10,c2048,c1022,7,25,612,0.056592
10,c2048,c1117,8,25,711,0.060005
10,c2048,c1168,5,25,488,0.045268
10,c2048,c1172,7,25,894,0.046823
10,c2048,c1182,12,25,191,0.173658
10,c2048,c1183,7,25,707,0.052652
10,c2048,c2071,3,25,394,0.030228
10,c2048,c2076,3,25,649,0.023552
10,c2048,c2124,11,25,1124,0.06562
10,c2048,c2129,6,25,588,0.049487
10,c2048,c2131,4,25,714,0.029939
10,c2048,c2181,6,25,623,0.048077
10,c2048,c2184,6,25,789,0.042721
10,c2048,c5154,9,25,1073,0.054951
10,c2048,c6005,3,25,720,0.022361
10,c2049,c1022,10,64,612,0.050528
10,c2049,c1104,3,64,383,0.019162
10,c2049,c1117,19,64,711,0.089069
10,c2049,c1133,10,64,630,0.049801
10,c2049,c1148,3,64,54,0.051031
10,c2049,c1153,6,64,323,0.041731
10,c2049,c1168,21,64,488,0.118828
10,c2049,c1171,3,64,427,0.018148
10,c2049,c1172,4,64,894,0.016723
10,c2049,c1176,4,64,506,0.022228
10,c2049,c1183,14,64,707,0.065816
10,c2049,c2007,3,64,422,0.018255
10,c2049,c2023,4,64,39,0.080064
10,c2049,c2024,3,64,377,0.019313
10,c2049,c2066,11,64,311,0.077969
10,c2049,c2071,7,64,394,0.044082
10,c2049,c2076,4,64,649,0.019627
10,c2049,c2124,11,64,1124,0.041013
10,c2049,c2129,7,64,588,0.036084
10,c2049,c2131,12,64,714,0.056136
10,c2049,c2132,3,64,49,0.053571
10,c2049,c2181,9,64,623,0.045072
10,c2049,c2184,8,64,789,0.035601
10,c2049,c2185,18,64,1603,0.056197
10,c2049,c4004,6,64,213,0.051389
10,c2049,c4123,8,64,244,0.064018
10,c2049,c5069,34,64,737,0.156551
10,c2049,c5072,3,64,407,0.018588
10,c2049,c5154,18,64,1073,0.068688
10,c2049,c6005,18,64,720,0.083853
10,c2049,c6024,6,64,234,0.049029
10,c2049,c6037,6,64,439,0.035796
10,c2062,c1022,4,4,612,0.080845
10,c2062,c2185,4,4,1603,0.049953
10,c2066,c1022,12,156,612,0.038837
10,c2066,c1091,3,156,63,0.030261
10,c2066,c1103,4,156,51,0.044845
10,c2066,c1104,18,156,383,0.073639
10,c2066,c1109,4,156,35,0.054133
10,c2066,c1117,11,156,711,0.033029
10,c2066,c1129,5,156,8,0.141535
10,c2066,c1133,14,156,630,0.044658
10,c2066,c1153,23,156,323,0.102462
10,c2066,c1168,4,156,488,0.014497
10,c2066,c1171,21,156,427,0.081366
10,c2066,c1172,42,156,894,0.112465
10,c2066,c1176,44,156,506,0.156608
10,c2066,c1178,13,156,231,0.068482
10,c2066,c1182,5,156,191,0.028966
10,c2066,c1183,39,156,707,0.117434
10,c2066,c2001,3,156,129,0.021148
10,c2066,c2007,14,156,422,0.054564
10,c2066,c2009,3,156,12,0.069338
10,c2066,c2023,5,156,39,0.064103
10,c2066,c2024,7,156,377,0.028865
10,c2066,c2049,7,156,169,0.043111
10,c2066,c2070,5,156,30,0.073088
10,c2066,c2071,51,156,394,0.205712
10,c2066,c2076,9,156,649,0.028285
10,c2066,c2079,4,156,68,0.038837
10,c2066,c2103,12,156,300,0.05547
10,c2066,c2113,3,156,70,0.028708
10,c2066,c2124,50,156,1124,0.119406
10,c2066,c2129,9,156,588,0.029716
10,c2066,c2131,22,156,714,0.065919
10,c2066,c2181,17,156,623,0.054531
10,c2066,c2184,18,156,789,0.051306
10,c2066,c2185,37,156,1603,0.07399
10,c2066,c4004,24,156,213,0.131662
10,c2066,c4123,17,156,244,0.087135
10,c2066,c5069,16,156,737,0.047187
10,c2066,c5072,15,156,407,0.059529
10,c2066,c5111,11,156,193,0.063395
10,c2066,c5154,67,156,1073,0.163762
10,c2066,c6005,14,156,720,0.041773
10,c2066,c6024,17,156,234,0.088977
10,c2066,c6037,24,156,439,0.09171
10,c2066,c6050,6,156,163,0.037627
10,c2070,c1172,3,4,894,0.050168
10,c2070,c5154,4,4,1073,0.061056
10,c2070,c6037,3,4,439,0.071591
10,c2071,c1022,17,113,612,0.064645
10,c2071,c1083,3,113,66,0.034738
10,c2071,c1104,25,113,383,0.120171
10,c2071,c1109,4,113,35,0.063604
10,c2071,c1117,54,113,711,0.190511
10,c2071,c1133,6,113,630,0.022488
10,c2071,c1153,18,113,323,0.094218
10,c2071,c1168,3,113,488,0.012775
10,c2071,c1171,3,113,427,0.013657
10,c2071,c1172,13,113,894,0.040901
10,c2071,c1176,9,113,506,0.037638
10,c2071,c1177,3,113,97,0.028655
10,c2071,c1178,7,113,231,0.043326
10,c2071,c1179,3,113,34,0.0484
10,c2071,c1182,3,113,191,0.02042
10,c2071,c1183,25,113,707,0.088449
10,c2071,c2001,12,113,129,0.099391
10,c2071,c2007,12,113,422,0.054952
10,c2071,c2008,3,113,11,0.085091
10,c2071,c2024,6,113,377,0.02907
10,c2071,c2049,8,113,169,0.057891
10,c2071,c2076,3,113,649,0.011078
10,c2071,c2080,4,113,97,0.038206
10,c2071,c2090,3,113,86,0.030432
10,c2071,c2101,3,113,20,0.063105
10,c2071,c2124,25,113,1124,0.070148
10,c2071,c2129,22,113,588,0.085348
10,c2071,c2131,28,113,714,0.098576
10,c2071,c2181,13,113,623,0.048996
10,c2071,c2184,29,113,789,0.097123
10,c2071,c2185,47,113,1603,0.110431
10,c2071,c4004,11,113,213,0.070903
10,c2071,c5033,4,113,107,0.036377
10,c2071,c5069,15,113,737,0.051978
10,c2071,c5111,4,113,193,0.027086
10,c2071,c5154,36,113,1073,0.103386
10,c2071,c6005,15,113,720,0.052588
10,c2071,c6024,11,113,234,0.067647
10,c2071,c6037,17,113,439,0.076327
10,c2073,c2066,3,4,311,0.085057
10,c2076,c1007,3,287,55,0.023878
10,c2076,c1022,53,287,612,0.126462
10,c2076,c1046,4,287,126,0.021035
10,c2076,c1091,13,287,63,0.096679
10,c2076,c1103,10,287,51,0.082656
10,c2076,c1104,16,287,383,0.048259
10,c2076,c1117,35,287,711,0.07748
10,c2076,c1133,23,287,630,0.05409
10,c2076,c1143,10,287,141,0.049711
10,c2076,c1147,3,287,19,0.040626
10,c2076,c1148,3,287,54,0.024098
10,c2076,c1153,32,287,323,0.105101
10,c2076,c1162,7,287,45,0.061596
10,c2076,c1168,33,287,488,0.088179
10,c2076,c1171,36,287,427,0.102837
10,c2076,c1172,85,287,894,0.167807
10,c2076,c1176,67,287,506,0.175816
10,c2076,c1178,7,287,231,0.027186
10,c2076,c1183,70,287,707,0.155399
10,c2076,c2001,10,287,129,0.051971
10,c2076,c2002,5,287,36,0.04919
10,c2076,c2007,21,287,422,0.060342
10,c2076,c2015,9,287,19,0.121878
10,c2076,c2024,27,287,377,0.082083
10,c2076,c2049,19,287,169,0.086272
10,c2076,c2066,15,287,311,0.050208
10,c2076,c2071,40,287,394,0.118952
10,c2076,c2079,4,287,68,0.028633
10,c2076,c2095,3,287,13,0.049114
10,c2076,c2103,36,287,300,0.122688
10,c2076,c2110,7,287,255,0.025875
10,c2076,c2111,3,287,19,0.040626
10,c2076,c2112,7,287,98,0.041739
10,c2076,c2113,9,287,70,0.063497
10,c2076,c2124,101,287,1124,0.177827
10,c2076,c2129,36,287,588,0.087634
10,c2076,c2131,40,287,714,0.088363
10,c2076,c2132,10,287,49,0.084326
10,c2076,c2181,52,287,623,0.122975
10,c2076,c2184,44,287,789,0.092464
10,c2076,c2185,78,287,1603,0.114997
10,c2076,c4004,15,287,213,0.060668
10,c2076,c4123,42,287,244,0.158713
10,c2076,c4158,3,287,21,0.038643
10,c2076,c5033,5,287,107,0.028532
10,c2076,c5069,18,287,737,0.039138
10,c2076,c5072,19,287,407,0.055592
10,c2076,c5110,3,287,30,0.032331
10,c2076,c5111,11,287,193,0.046738
10,c2076,c5154,83,287,1073,0.149568
10,c2076,c6005,37,287,720,0.081394
10,c2076,c6017,14,287,50,0.11687
10,c2076,c6024,16,287,234,0.061741
10,c2076,c6037,40,287,439,0.11269
10,c2079,c1117,8,42,711,0.046295
10,c2079,c1133,10,42,630,0.061476
10,c2079,c1153,6,42,323,0.051514
10,c2079,c1168,3,42,488,0.020955
10,c2079,c1172,5,42,894,0.025803
10,c2079,c1176,20,42,506,0.137192
10,c2079,c1178,4,42,231,0.04061
10,c2079,c1182,3,42,191,0.033495
10,c2079,c1183,3,42,707,0.01741
10,c2079,c2023,3,42,39,0.074125
10,c2079,c2071,17,42,394,0.132153
10,c2079,c2076,3,42,649,0.018171
10,c2079,c2124,16,42,1124,0.07364
10,c2079,c2129,10,42,588,0.063634
10,c2079,c2131,10,42,714,0.057747
10,c2079,c2181,8,42,623,0.049456
10,c2079,c2184,5,42,789,0.027467
10,c2079,c2185,12,42,1603,0.046248
10,c2079,c5033,8,42,107,0.119337
10,c2079,c5069,6,42,737,0.034103
10,c2079,c5110,3,42,30,0.084515
10,c2079,c5154,8,42,1073,0.037685
10,c2079,c6005,4,42,720,0.023002
10,c2079,c6037,5,42,439,0.036822
10,c2080,c1022,7,31,612,0.050821
10,c2080,c1091,3,31,63,0.067884
10,c2080,c1117,8,31,711,0.053886
10,c2080,c1133,3,31,630,0.021467
10,c2080,c1171,4,31,427,0.034767
10,c2080,c1182,8,31,191,0.103966
10,c2080,c1183,12,31,707,0.081057
10,c2080,c2095,4,31,13,0.199254
10,c2080,c2124,17,31,1124,0.091072
10,c2080,c2129,7,31,588,0.051848
10,c2080,c2131,10,31,714,0.067216
10,c2080,c2181,8,31,623,0.057566
10,c2080,c2184,6,31,789,0.038365
10,c2080,c2185,3,31,1603,0.013458
10,c2080,c4123,3,31,244,0.034494
10,c2080,c5069,7,31,737,0.046311
10,c2080,c5111,3,31,193,0.038785
10,c2080,c5154,3,31,1073,0.016449
10,c2080,c6005,4,31,720,0.026774
10,c2080,c6037,8,31,439,0.068577
10,c2090,c1022,11,48,612,0.06418
10,c2090,c1046,3,48,126,0.038576
10,c2090,c1104,3,48,383,0.022126
10,c2090,c1117,28,48,711,0.151566
10,c2090,c1153,8,48,323,0.064249
10,c2090,c1168,3,48,488,0.019602
10,c2090,c1171,3,48,427,0.020955
10,c2090,c1172,9,48,894,0.043446
10,c2090,c1176,12,48,506,0.076999
10,c2090,c1183,13,48,707,0.070569
10,c2090,c2002,3,48,36,0.072169
10,c2090,c2007,8,48,422,0.05621
10,c2090,c2024,4,48,377,0.029735
10,c2090,c2049,8,48,169,0.088823
10,c2090,c2071,7,48,394,0.050901
10,c2090,c2076,5,48,649,0.028329
10,c2090,c2112,3,48,98,0.043741
10,c2090,c2124,10,48,1124,0.043052
10,c2090,c2129,5,48,588,0.029762
10,c2090,c2131,5,48,714,0.027008
10,c2090,c2181,11,48,623,0.06361
10,c2090,c2185,30,48,1603,0.108152
10,c2090,c4123,4,48,244,0.036961
10,c2090,c5069,3,48,737,0.01595
10,c2090,c5072,5,48,407,0.035773
10,c2090,c5154,10,48,1073,0.044064
10,c2095,c1133,4,9,630,0.053121
10,c2095,c2007,4,9,422,0.064906
10,c2095,c2024,4,9,377,0.06867
10,c2095,c2090,3,9,86,0.107833
10,c2095,c2110,3,9,255,0.062622
10,c2095,c2185,5,9,1603,0.041628
10,c2095,c5033,3,9,107,0.096674
10,c2101,c1171,3,4,427,0.07259
10,c2101,c2124,4,4,1124,0.059655
10,c2101,c2181,3,4,623,0.060096
10,c2101,c2184,3,4,789,0.053401
10,c2102,c1091,3,23,63,0.078811
10,c2102,c1117,10,23,711,0.078199
10,c2102,c1172,5,23,894,0.034869
10,c2102,c1182,6,23,191,0.090525
10,c2102,c1183,7,23,707,0.054894
10,c2102,c2007,3,23,422,0.030451
10,c2102,c2024,3,23,377,0.032217
10,c2102,c2124,5,23,1124,0.031097
10,c2102,c2129,6,23,588,0.051594
10,c2102,c2131,3,23,714,0.02341
10,c2102,c2181,7,23,623,0.058478
10,c2102,c2184,6,23,789,0.04454
10,c2102,c2185,5,23,1603,0.02604
10,c2102,c5111,3,23,193,0.045028
10,c2102,c5154,11,23,1073,0.070021
10,c2102,c6017,3,23,50,0.088465
10,c2102,c6037,3,23,439,0.029856
10,c2103,c1022,5,24,612,0.041256
10,c2103,c1104,3,24,383,0.031291
10,c2103,c1117,4,24,711,0.030621
10,c2103,c1133,5,24,630,0.040663
10,c2103,c1171,3,24,427,0.029635
10,c2103,c1172,3,24,894,0.020481
10,c2103,c1182,4,24,191,0.05908
10,c2103,c1183,5,24,707,0.038384
10,c2103,c2001,6,24,129,0.107833
10,c2103,c2007,5,24,422,0.049683
10,c2103,c2066,6,24,311,0.069449
10,c2103,c2124,5,24,1124,0.030443
10,c2103,c2129,5,24,588,0.04209
10,c2103,c2131,8,24,714,0.061113
10,c2103,c2181,6,24,623,0.049068
10,c2103,c2184,3,24,789,0.021801
10,c2103,c2185,11,24,1603,0.056082
10,c2103,c5154,5,24,1073,0.031158
10,c2103,c6037,4,24,439,0.038969
10,c2110,c1022,7,47,612,0.041274
10,c2110,c1091,4,47,63,0.073509
10,c2110,c1117,8,47,711,0.043763
10,c2110,c1153,7,47,323,0.056813
10,c2110,c1171,6,47,427,0.042353
10,c2110,c1178,3,47,231,0.028792
10,c2110,c1182,4,47,191,0.042218
10,c2110,c1183,15,47,707,0.082287
10,c2110,c2024,3,47,377,0.022537
10,c2110,c2049,6,47,169,0.067322
10,c2110,c2076,9,47,649,0.051531
10,c2110,c2103,4,47,300,0.033686
10,c2110,c2124,23,47,1124,0.100068
10,c2110,c2129,19,47,588,0.114292
10,c2110,c2131,15,47,714,0.081883
10,c2110,c2181,12,47,623,0.070127
10,c2110,c2184,12,47,789,0.062315
10,c2110,c2185,10,47,1603,0.036432
10,c2110,c4004,5,47,213,0.049973
10,c2110,c5072,6,47,407,0.043382
10,c2110,c5111,6,47,193,0.062998
10,c2110,c5154,8,47,1073,0.035624
10,c2110,c6024,3,47,234,0.028606
10,c2110,c6037,7,47,439,0.048732
10,c2111,c5110,3,4,30,0.273861
10,c2112,c1022,4,57,612,0.021416
10,c2112,c1104,6,57,383,0.040608
10,c2112,c1109,3,57,35,0.067166
10,c2112,c1133,19,57,630,0.100264
10,c2112,c1168,4,57,488,0.023984
10,c2112,c1172,16,57,894,0.070878
10,c2112,c1176,6,57,506,0.03533
10,c2112,c1177,7,57,97,0.09414
10,c2112,c1178,3,57,231,0.026144
10,c2112,c1183,11,57,707,0.054796
10,c2112,c2007,3,57,422,0.019343
10,c2112,c2024,6,57,377,0.04093
10,c2112,c2071,5,57,394,0.033364
10,c2112,c2076,5,57,649,0.025996
10,c2112,c2080,16,57,97,0.215177
10,c2112,c2103,4,57,300,0.030589
10,c2112,c2110,10,57,255,0.082945
10,c2112,c2124,9,57,1124,0.035557
10,c2112,c2127,17,57,88,0.240033
10,c2112,c2129,9,57,588,0.049161
10,c2112,c2181,9,57,623,0.04776
10,c2112,c2184,11,57,789,0.05187
10,c2112,c2185,31,57,1603,0.102555
10,c2112,c4004,5,57,213,0.045378
10,c2112,c5069,10,57,737,0.04879
10,c2112,c5072,6,57,407,0.039393
10,c2112,c5154,12,57,1073,0.048523
10,c2112,c6005,13,57,720,0.064171
10,c2112,c6050,4,57,163,0.041498
10,c2113,c1034,10,45,46,0.219793
10,c2113,c1046,3,45,126,0.039841
10,c2113,c1104,6,45,383,0.045703
10,c2113,c1117,3,45,711,0.016772
10,c2113,c1133,9,45,630,0.053452
10,c2113,c1153,4,45,323,0.033178
10,c2113,c1168,7,45,488,0.047237
10,c2113,c1172,3,45,894,0.014957
10,c2113,c1176,6,45,506,0.039762
10,c2113,c1178,21,45,231,0.205971
10,c2113,c2001,4,45,129,0.0525
10,c2113,c2007,5,45,422,0.036283
10,c2113,c2012,8,45,26,0.233882
10,c2113,c2024,11,45,377,0.084453
10,c2113,c2076,3,45,649,0.017555
10,c2113,c2124,9,45,1124,0.040018
10,c2113,c2129,3,45,588,0.018443
10,c2113,c2131,4,45,714,0.022315
10,c2113,c2181,9,45,623,0.053752
10,c2113,c2184,10,45,789,0.053071
10,c2113,c2185,16,45,1603,0.059573
10,c2113,c5069,9,45,737,0.04942
10,c2113,c5089,3,45,20,0.1
10,c2113,c5154,11,45,1073,0.05006
10,c2113,c6005,13,45,720,0.072222
10,c2113,c6037,6,45,439,0.042689
10,c2124,c2185,4,9,1603,0.033302
10,c2124,c5072,3,9,407,0.049568
10,c2124,c6005,7,9,720,0.086958
10,c2125,c2076,3,7,649,0.044509
10,c2125,c2181,3,7,623,0.045428
10,c2125,c2185,5,7,1603,0.047201
10,c2127,c1022,7,41,612,0.044191
10,c2127,c1103,3,41,51,0.065606
10,c2127,c1104,4,41,383,0.03192
10,c2127,c1117,14,41,711,0.081998
10,c2127,c1150,3,41,47,0.068341
10,c2127,c1153,3,41,323,0.026069
10,c2127,c1168,13,41,488,0.091906
10,c2127,c1172,12,41,894,0.062679
10,c2127,c1178,3,41,231,0.030826
10,c2127,c1182,10,41,191,0.113003
10,c2127,c1183,4,41,707,0.023494
10,c2127,c2001,5,41,129,0.068752
10,c2127,c2007,5,41,422,0.038012
10,c2127,c2024,4,41,377,0.032173
10,c2127,c2076,4,41,649,0.024521
10,c2127,c2124,7,41,1124,0.032608
10,c2127,c2129,4,41,588,0.025762
10,c2127,c2131,4,41,714,0.023379
10,c2127,c2181,12,41,623,0.075084
10,c2127,c2184,7,41,789,0.03892
10,c2127,c2185,18,41,1603,0.070212
10,c2127,c4123,5,41,244,0.04999
10,c2127,c5069,6,41,737,0.034516
10,c2127,c5111,5,41,193,0.056208
10,c2127,c5154,10,41,1073,0.047677
10,c2127,c6005,6,41,720,0.034922
10,c2127,c6037,5,41,439,0.037269
10,c2128,c1117,3,25,711,0.022502
10,c2128,c1133,5,25,630,0.039841
10,c2128,c1153,3,25,323,0.033385
10,c2128,c2066,12,25,311,0.136092
10,c2128,c2071,4,25,394,0.040303
10,c2128,c2076,5,25,649,0.039253
10,c2128,c2124,3,25,1124,0.017896
10,c2128,c2129,6,25,588,0.049487
10,c2128,c2131,4,25,714,0.029939
10,c2128,c2181,4,25,623,0.032051
10,c2128,c2184,3,25,789,0.021361
10,c2128,c2185,7,25,1603,0.034967
10,c2128,c5069,3,25,737,0.022101
10,c2128,c5154,7,25,1073,0.042739
10,c2128,c6005,15,25,720,0.111803
10,c2128,c6050,5,25,163,0.078326
10,c2129,c1022,6,39,612,0.038837
10,c2129,c1117,8,39,711,0.048042
10,c2129,c1133,13,39,630,0.082936
10,c2129,c1148,3,39,54,0.065372
10,c2129,c1171,3,39,427,0.023247
10,c2129,c1172,6,39,894,0.032133
10,c2129,c1176,3,39,506,0.021356
10,c2129,c1178,8,39,231,0.084285
10,c2129,c1179,16,39,34,0.439388
10,c2129,c2024,5,39,377,0.041235
10,c2129,c2066,6,39,311,0.05448
10,c2129,c2071,7,39,394,0.05647
10,c2129,c2076,7,39,649,0.043999
10,c2129,c2124,3,39,1124,0.014329
10,c2129,c2131,7,39,714,0.041949
10,c2129,c2184,6,39,789,0.034204
10,c2129,c2185,22,39,1603,0.087988
10,c2129,c4004,3,39,213,0.032915
10,c2129,c5069,14,39,737,0.082578
10,c2129,c5111,5,39,193,0.057631
10,c2129,c5154,5,39,1073,0.024442
10,c2129,c6005,12,39,720,0.071611
10,c2129,c6024,3,39,234,0.031404
10,c2131,c1022,3,33,612,0.02111
10,c2131,c1117,5,33,711,0.032642
10,c2131,c1133,6,33,630,0.041613
10,c2131,c1168,5,33,488,0.039401
10,c2131,c1171,3,33,427,0.025273
10,c2131,c1172,7,33,894,0.040754
10,c2131,c1176,3,33,506,0.023216
10,c2131,c1183,5,33,707,0.032734
10,c2131,c2066,4,33,311,0.039484
10,c2131,c2076,4,33,649,0.027333
10,c2131,c2103,3,33,300,0.030151
10,c2131,c2124,7,33,1124,0.036346
10,c2131,c2129,3,33,588,0.021537
10,c2131,c2181,5,33,623,0.034871
10,c2131,c2184,4,33,789,0.024789
10,c2131,c2185,9,33,1603,0.039131
10,c2131,c4004,5,33,213,0.059638
10,c2131,c5069,10,33,737,0.064122
10,c2131,c5072,13,33,407,0.112173
10,c2131,c5154,12,33,1073,0.063771
10,c2131,c6005,10,33,720,0.064875
10,c2131,c6037,10,33,439,0.083083
10,c2132,c1104,8,37,383,0.067203
10,c2132,c1133,11,37,630,0.072048
10,c2132,c1147,3,37,19,0.113147
10,c2132,c1172,9,37,894,0.049485
10,c2132,c1176,3,37,506,0.021925
10,c2132,c2024,3,37,377,0.025401
10,c2132,c2076,4,37,649,0.025813
10,c2132,c2090,5,37,86,0.088638
10,c2132,c2103,9,37,300,0.085424
10,c2132,c2110,3,37,255,0.030885
10,c2132,c2124,17,37,1124,0.083361
10,c2132,c2127,3,37,88,0.052575
10,c2132,c2129,3,37,588,0.020339
10,c2132,c2181,3,37,623,0.01976
10,c2132,c2184,6,37,789,0.035117
10,c2132,c2185,17,37,1603,0.069804
10,c2132,c4123,6,37,244,0.063147
10,c2132,c5069,4,37,737,0.024223
10,c2132,c5072,21,37,407,0.171128
10,c2132,c5111,3,37,193,0.035501
10,c2132,c6005,5,37,720,0.030634
10,c2132,c6037,10,37,439,0.078463
10,c2181,c2076,3,4,649,0.05888
10,c2184,c1022,11,71,612,0.05277
10,c2184,c1104,8,71,383,0.048513
10,c2184,c1117,17,71,711,0.075663
10,c2184,c1133,11,71,630,0.052011
10,c2184,c1153,3,71,323,0.01981
10,c2184,c1168,13,71,488,0.06984
10,c2184,c1171,8,71,427,0.045946
10,c2184,c1172,13,71,894,0.051599
10,c2184,c1176,11,71,506,0.058035
10,c2184,c1178,4,71,231,0.031234
10,c2184,c1182,8,71,191,0.068698
10,c2184,c1183,13,71,707,0.058024
10,c2184,c2001,5,71,129,0.052245
10,c2184,c2007,8,71,422,0.046217
10,c2184,c2024,5,71,377,0.030561
10,c2184,c2049,5,71,169,0.045645
10,c2184,c2066,8,71,311,0.053837
10,c2184,c2071,9,71,394,0.05381
10,c2184,c2076,10,71,649,0.046585
10,c2184,c2124,13,71,1124,0.046018
10,c2184,c2126,3,71,23,0.074238
10,c2184,c2129,13,71,588,0.063625
10,c2184,c2131,18,71,714,0.079946
10,c2184,c2181,16,71,623,0.076076
10,c2184,c2185,21,71,1603,0.062248
10,c2184,c4004,4,71,213,0.032527
10,c2184,c4123,4,71,244,0.03039
10,c2184,c4158,3,71,21,0.077693
10,c2184,c5069,20,71,737,0.087431
10,c2184,c5072,15,71,407,0.08824
10,c2184,c5111,3,71,193,0.025628
10,c2184,c5154,13,71,1073,0.047099
10,c2184,c6005,11,71,720,0.048652
10,c2184,c6050,7,71,163,0.065069
10,c4004,c1104,3,18,383,0.036131
10,c4004,c1172,4,18,894,0.031532
10,c4004,c2007,3,18,422,0.034421
10,c4004,c2071,3,18,394,0.035624
10,c4004,c2076,3,18,649,0.027756
10,c4004,c2110,4,18,255,0.059041
10,c4004,c2129,3,18,588,0.029161
10,c4004,c2184,7,18,789,0.058739
10,c4004,c2185,10,18,1603,0.05887
10,c4004,c5069,4,18,737,0.034729
10,c4004,c5154,10,18,1073,0.071955
10,c4004,c6005,5,18,720,0.043921
10,c4004,c6050,6,18,163,0.11077
10,c4123,c1046,4,59,126,0.046393
10,c4123,c1104,5,59,383,0.033262
10,c4123,c1117,11,59,711,0.053707
10,c4123,c1133,9,59,630,0.046682
10,c4123,c1168,7,59,488,0.041254
10,c4123,c1171,4,59,427,0.025201
10,c4123,c1172,13,59,894,0.056604
10,c4123,c1178,4,59,231,0.034263
10,c4123,c1183,4,59,707,0.019585
10,c4123,c2007,5,59,422,0.031687
10,c4123,c2024,9,59,377,0.060346
10,c4123,c2066,7,59,311,0.051676
10,c4123,c2076,13,59,649,0.066435
10,c4123,c2090,5,59,86,0.070193
10,c4123,c2103,4,59,300,0.030066
10,c4123,c2110,7,59,255,0.057069
10,c4123,c2112,3,59,98,0.039453
10,c4123,c2124,6,59,1124,0.023299
10,c4123,c2129,7,59,588,0.037582
10,c4123,c2131,12,59,714,0.058466
10,c4123,c2184,16,59,789,0.074158
10,c4123,c2185,29,59,1603,0.094299
10,c4123,c5033,4,59,107,0.050343
10,c4123,c5069,9,59,737,0.04316
10,c4123,c5072,25,59,407,0.161331
10,c4123,c5154,16,59,1073,0.063591
10,c4123,c6005,19,59,720,0.092185
10,c4123,c6050,11,59,163,0.112169
10,c4158,c1117,3,25,711,0.022502
10,c4158,c1133,3,25,630,0.023905
10,c4158,c1168,4,25,488,0.036214
10,c4158,c1172,14,25,894,0.093646
10,c4158,c2007,6,25,422,0.058415
10,c4158,c2024,7,25,377,0.072104
10,c4158,c2066,3,25,311,0.034023
10,c4158,c2076,4,25,649,0.031403
10,c4158,c2080,7,25,97,0.142148
10,c4158,c2102,3,25,36,0.1
10,c4158,c2110,3,25,255,0.037573
10,c4158,c2112,3,25,98,0.060609
10,c4158,c2184,4,25,789,0.028481
10,c4158,c2185,22,25,1603,0.109897
10,c4158,c5154,3,25,1073,0.018317
10,c4158,c6005,4,25,720,0.029814
10,c4158,c6037,4,25,439,0.038182
10,c5009,c2066,3,5,311,0.076077
10,c5033,c1022,8,41,612,0.050504
10,c5033,c1117,14,41,711,0.081998
10,c5033,c1133,8,41,630,0.049777
10,c5033,c1143,3,41,141,0.039457
10,c5033,c1153,3,41,323,0.026069
10,c5033,c1168,11,41,488,0.077766
10,c5033,c1172,7,41,894,0.036563
10,c5033,c1182,4,41,191,0.045201
10,c5033,c1183,6,41,707,0.035241
10,c5033,c2024,5,41,377,0.040217
10,c5033,c2076,5,41,649,0.030652
10,c5033,c2103,7,41,300,0.063117
10,c5033,c2124,10,41,1124,0.046583
10,c5033,c2129,4,41,588,0.025762
10,c5033,c2131,7,41,714,0.040913
10,c5033,c2181,10,41,623,0.06257
10,c5033,c2184,5,41,789,0.0278
10,c5033,c2185,14,41,1603,0.05461
10,c5033,c5069,8,41,737,0.046022
10,c5033,c5154,9,41,1073,0.042909
10,c5033,c6005,14,41,720,0.081484
10,c5033,c6037,5,41,439,0.037269
10,c5069,c1022,27,94,612,0.11257
10,c5069,c1091,4,94,63,0.051979
10,c5069,c1104,3,94,383,0.015811
10,c5069,c1117,7,94,711,0.027077
10,c5069,c1143,3,94,141,0.026058
10,c5069,c1153,12,94,323,0.068868
10,c5069,c1162,3,94,45,0.046127
10,c5069,c1168,8,94,488,0.037352
10,c5069,c1171,25,94,427,0.124785
10,c5069,c1172,17,94,894,0.058643
10,c5069,c1176,16,94,506,0.073364
10,c5069,c1182,9,94,191,0.067168
10,c5069,c1183,24,94,707,0.093097
10,c5069,c2001,5,94,129,0.045406
10,c5069,c2007,8,94,422,0.040167
10,c5069,c2024,4,94,377,0.021248
10,c5069,c2049,5,94,169,0.03967
10,c5069,c2066,6,94,311,0.035092
10,c5069,c2071,14,94,394,0.072747
10,c5069,c2076,5,94,649,0.020243
10,c5069,c2079,3,94,68,0.037523
10,c5069,c2103,6,94,300,0.035729
10,c5069,c2124,33,94,1124,0.101524
10,c5069,c2129,16,94,588,0.068056
10,c5069,c2131,19,94,714,0.07334
10,c5069,c2181,20,94,623,0.082646
10,c5069,c2184,20,94,789,0.073439
10,c5069,c2185,22,94,1603,0.056675
10,c5069,c4004,13,94,213,0.091873
10,c5069,c4123,12,94,244,0.079236
10,c5069,c5072,8,94,407,0.040901
10,c5069,c5111,5,94,193,0.037122
10,c5069,c5154,36,94,1073,0.113354
10,c5069,c6005,11,94,720,0.042283
10,c5069,c6024,7,94,234,0.047198
10,c5069,c6037,10,94,439,0.049227
10,c5072,c1022,45,107,612,0.175851
10,c5072,c1104,11,107,383,0.054338
10,c5072,c1117,18,107,711,0.06526
10,c5072,c1133,5,107,630,0.019258
10,c5072,c1153,10,107,323,0.053791
10,c5072,c1168,7,107,488,0.030633
10,c5072,c1171,12,107,427,0.05614
10,c5072,c1172,27,107,894,0.087298
10,c5072,c1176,28,107,506,0.120335
10,c5072,c1177,4,107,97,0.039263
10,c5072,c1183,19,107,707,0.06908
10,c5072,c2007,14,107,422,0.065884
10,c5072,c2049,6,107,169,0.044619
10,c5072,c2066,6,107,311,0.032891
10,c5072,c2071,19,107,394,0.092537
10,c5072,c2076,9,107,649,0.034153
10,c5072,c2103,7,107,300,0.03907
10,c5072,c2110,3,107,255,0.018162
10,c5072,c2112,3,107,98,0.029297
10,c5072,c2124,27,107,1124,0.077855
10,c5072,c2129,23,107,588,0.091695
10,c5072,c2131,13,107,714,0.047033
10,c5072,c2181,19,107,623,0.07359
10,c5072,c2184,14,107,789,0.048183
10,c5072,c2185,29,107,1603,0.070023
10,c5072,c4004,16,107,213,0.105984
10,c5072,c4123,5,107,244,0.030944
10,c5072,c5069,15,107,737,0.053415
10,c5072,c5111,3,107,193,0.020876
10,c5072,c5154,37,107,1073,0.109197
10,c5072,c6005,16,107,720,0.057645
10,c5072,c6024,17,107,234,0.107436
10,c5072,c6037,15,107,439,0.06921
10,c5082,c1172,3,5,894,0.044871
10,c5082,c2024,3,5,377,0.069098
10,c5082,c2110,5,5,255,0.140028
10,c5089,c1022,3,10,612,0.038348
10,c5089,c1176,3,10,506,0.042174
10,c5089,c1183,3,10,707,0.035679
10,c5089,c2124,6,10,1124,0.056594
10,c5089,c2129,4,10,588,0.052164
10,c5089,c2181,6,10,623,0.076016
10,c5089,c4123,3,10,244,0.060733
10,c5089,c6037,3,10,439,0.045278
10,c5110,c1022,3,25,612,0.024254
10,c5110,c1117,6,25,711,0.045004
10,c5110,c1153,3,25,323,0.033385
10,c5110,c1162,7,25,45,0.2087
10,c5110,c1168,5,25,488,0.045268
10,c5110,c1183,6,25,707,0.045131
10,c5110,c2071,3,25,394,0.030228
10,c5110,c2103,3,25,300,0.034641
10,c5110,c2124,3,25,1124,0.017896
10,c5110,c2129,3,25,588,0.024744
10,c5110,c2181,7,25,623,0.05609
10,c5110,c2184,4,25,789,0.028481
10,c5110,c2185,11,25,1603,0.054949
10,c5110,c4123,6,25,244,0.076822
10,c5110,c5072,3,25,407,0.029741
10,c5110,c5111,3,25,193,0.043189
10,c5110,c5154,5,25,1073,0.030528
10,c5110,c6037,5,25,439,0.047727
10,c5111,c1022,3,31,612,0.02178
10,c5111,c1104,7,31,383,0.064242
10,c5111,c1117,4,31,711,0.026943
10,c5111,c1133,8,31,630,0.057245
10,c5111,c1172,13,31,894,0.07809
10,c5111,c1177,3,31,97,0.054708
10,c5111,c2024,9,31,377,0.083251
10,c5111,c2076,4,31,649,0.0282
10,c5111,c2103,4,31,300,0.041478
10,c5111,c2124,5,31,1124,0.026786
10,c5111,c2131,4,31,714,0.026886
10,c5111,c2181,7,31,623,0.05037
10,c5111,c2184,3,31,789,0.019182
10,c5111,c2185,14,31,1603,0.062803
10,c5111,c5046,3,31,13,0.149441
10,c5111,c5069,8,31,737,0.052927
10,c5111,c5072,4,31,407,0.035611
10,c5111,c5154,4,31,1073,0.021932
10,c5111,c6005,7,31,720,0.046854
10,c5111,c6050,6,31,163,0.084407
10,c5154,c1133,3,3,630,0.069007
10,c5154,c2110,3,3,255,0.108465
10,c5154,c2185,3,3,1603,0.043261
10,c5154,c5069,3,3,737,0.063801
10,c5175,c1117,3,17,711,0.027287
10,c5175,c1153,15,17,323,0.202426
10,c5175,c1168,3,17,488,0.032937
10,c5175,c1171,4,17,427,0.046948
10,c5175,c1176,5,17,506,0.05391
10,c5175,c1182,3,17,191,0.052648
10,c5175,c1183,3,17,707,0.027364
10,c5175,c2071,4,17,394,0.048875
10,c5175,c2124,7,17,1124,0.05064
10,c5175,c2129,3,17,588,0.030006
10,c5175,c2131,5,17,714,0.045383
10,c5175,c2181,5,17,623,0.048585
10,c5175,c5154,6,17,1073,0.044425
10,c5175,c6037,3,17,439,0.034727
10,c6005,c2066,5,7,311,0.107162
10,c6005,c2124,5,7,1124,0.056369
10,c6005,c2184,3,7,789,0.040368
10,c6005,c5072,3,7,407,0.056205
10,c6005,c6024,3,7,234,0.074125
10,c6017,c1117,3,19,711,0.025811
10,c6017,c1133,8,19,630,0.073121
10,c6017,c1172,9,19,894,0.069055
10,c6017,c2024,6,19,377,0.070893
10,c6017,c2066,9,19,311,0.117081
10,c6017,c2076,3,19,649,0.027016
10,c6017,c2110,5,19,255,0.071833
10,c6017,c2184,3,19,789,0.024502
10,c6017,c2185,8,19,1603,0.04584
10,c6017,c5069,4,19,737,0.033803
10,c6017,c5072,3,19,407,0.034115
10,c6017,c5154,6,19,1073,0.042022
10,c6017,c6005,3,19,720,0.025649
10,c6017,c6037,4,19,439,0.043798
10,c6024,c1022,22,129,612,0.078298
10,c6024,c1104,6,129,383,0.026993
10,c6024,c1109,4,129,35,0.059529
10,c6024,c1117,47,129,711,0.155192
10,c6024,c1133,18,129,630,0.06314
10,c6024,c1148,4,129,54,0.047926
10,c6024,c1153,10,129,323,0.04899
10,c6024,c1168,19,129,488,0.075727
10,c6024,c1171,37,129,427,0.15765
10,c6024,c1172,14,129,894,0.041225
10,c6024,c1176,4,129,506,0.015656
10,c6024,c1178,17,129,231,0.09848
10,c6024,c1182,7,129,191,0.044595
10,c6024,c1183,19,129,707,0.062914
10,c6024,c2001,6,129,129,0.046512
10,c6024,c2002,3,129,36,0.044023
10,c6024,c2012,3,129,26,0.051801
10,c6024,c2024,10,129,377,0.045346
10,c6024,c2049,9,129,169,0.060954
10,c6024,c2070,3,129,30,0.048224
10,c6024,c2071,10,129,394,0.044356
10,c6024,c2076,9,129,649,0.031105
10,c6024,c2082,4,129,19,0.080796
10,c6024,c2099,3,129,11,0.07964
10,c6024,c2101,6,129,20,0.118125
10,c6024,c2103,16,129,300,0.081333
10,c6024,c2110,3,129,255,0.016541
10,c6024,c2112,4,129,98,0.035576
10,c6024,c2124,60,129,1124,0.15757
10,c6024,c2129,12,129,588,0.043571
10,c6024,c2131,33,129,714,0.108735
10,c6024,c2132,3,129,49,0.037734
10,c6024,c2181,11,129,623,0.038802
10,c6024,c2184,26,129,789,0.081497
10,c6024,c2185,26,129,1603,0.057176
10,c6024,c4004,5,129,213,0.030164
10,c6024,c4123,7,129,244,0.039456
10,c6024,c5069,17,129,737,0.055134
10,c6024,c5072,15,129,407,0.065463
10,c6024,c5111,3,129,193,0.019013
10,c6024,c5154,38,129,1073,0.102138
10,c6024,c6005,17,129,720,0.055781
10,c6024,c6037,20,129,439,0.084043
10,c6037,c1022,23,153,612,0.075163
10,c6037,c1104,17,153,383,0.070227
10,c6037,c1117,10,153,711,0.030319
10,c6037,c1133,16,153,630,0.051535
10,c6037,c1143,31,153,141,0.21106
10,c6037,c1150,4,153,47,0.04717
10,c6037,c1153,4,153,323,0.017993
10,c6037,c1160,11,153,27,0.171145
10,c6037,c1168,33,153,488,0.12077
10,c6037,c1171,15,153,427,0.058686
10,c6037,c1172,50,153,894,0.135193
10,c6037,c1176,4,153,506,0.014376
10,c6037,c1177,21,153,97,0.17238
10,c6037,c1178,10,153,231,0.053192
10,c6037,c1179,4,153,34,0.055459
10,c6037,c1182,5,153,191,0.029249
10,c6037,c1183,31,153,707,0.094255
10,c6037,c2007,16,153,422,0.062968
10,c6037,c2024,13,153,377,0.054129
10,c6037,c2066,4,153,311,0.018337
10,c6037,c2071,4,153,394,0.016292
10,c6037,c2076,18,153,649,0.057122
10,c6037,c2079,3,153,68,0.029412
10,c6037,c2080,5,153,97,0.041043
10,c6037,c2082,3,153,19,0.055641
10,c6037,c2090,4,153,86,0.034871
10,c6037,c2103,16,153,300,0.074682
10,c6037,c2110,26,153,255,0.131631
10,c6037,c2112,5,153,98,0.040833
10,c6037,c2124,26,153,1124,0.062697
10,c6037,c2129,11,153,588,0.036674
10,c6037,c2131,19,153,714,0.057486
10,c6037,c2181,17,153,623,0.055063
10,c6037,c2184,53,153,789,0.152543
10,c6037,c2185,85,153,1603,0.171635
10,c6037,c4004,5,153,213,0.027697
10,c6037,c4123,3,153,244,0.015527
10,c6037,c5069,20,153,737,0.059559
10,c6037,c5072,7,153,407,0.028051
10,c6037,c5154,48,153,1073,0.118467
10,c6037,c6005,19,153,720,0.057246
10,c6037,c6050,10,153,163,0.063323
10,c6050,c1022,9,70,612,0.043483
10,c6050,c1091,3,70,63,0.045175
10,c6050,c1104,8,70,383,0.048859
10,c6050,c1117,19,70,711,0.085167
10,c6050,c1133,4,70,630,0.019048
10,c6050,c1153,8,70,323,0.053203
10,c6050,c1168,4,70,488,0.021642
10,c6050,c1171,9,70,427,0.052057
10,c6050,c1172,13,70,894,0.051967
10,c6050,c1176,9,70,506,0.047821
10,c6050,c1182,3,70,191,0.025945
10,c6050,c1183,25,70,707,0.112378
10,c6050,c2002,3,70,36,0.059761
10,c6050,c2049,11,70,169,0.101135
10,c6050,c2066,5,70,311,0.033888
10,c6050,c2071,7,70,394,0.04215
10,c6050,c2076,4,70,649,0.018767
10,c6050,c2103,8,70,300,0.055205
10,c6050,c2124,32,70,1124,0.114082
10,c6050,c2129,21,70,588,0.10351
10,c6050,c2131,17,70,714,0.076042
10,c6050,c2181,11,70,623,0.052674
10,c6050,c2184,7,70,789,0.029786
10,c6050,c2185,10,70,1603,0.029853
10,c6050,c4004,4,70,213,0.032758
10,c6050,c5069,10,70,737,0.044027
10,c6050,c5072,5,70,407,0.029623
10,c6050,c5082,4,70,11,0.14415
10,c6050,c5154,30,70,1073,0.109464
10,c6050,c6005,9,70,720,0.040089
10,c6050,c6024,5,70,234,0.039067
10,c6050,c6037,5,70,439,0.028523
2_3,c1022,c2124,11,112,1464,0.027165
2_3,c1022,c2181,13,112,1122,0.036672
2_3,c1022,c2185,39,112,2786,0.069818
2_3,c1022,c5154,17,112,1886,0.036989
2_3,c1022,c6005,30,112,1054,0.087316
2_3,c1117,c2124,9,44,1464,0.035461
2_3,c1117,c2185,16,44,2786,0.045699
2_3,c1117,c5154,10,44,1886,0.034714
2_3,c1117,c6005,8,44,1054,0.037149
2_3,c1133,c2181,9,44,1122,0.040506
2_3,c1133,c2185,21,44,2786,0.059979
2_3,c1133,c5069,4,44,42,0.093048
2_3,c1133,c6005,6,44,1054,0.027862
2_3,c1168,c2181,4,39,1122,0.019122
2_3,c1168,c2185,8,39,2786,0.02427
2_3,c1168,c5154,3,39,1886,0.011062
2_3,c1168,c6005,23,39,1054,0.113442
2_3,c1171,c2124,3,20,1464,0.017532
2_3,c1171,c2185,10,20,2786,0.042364
2_3,c1171,c5154,5,20,1886,0.025744
2_3,c1172,c1183,7,453,100,0.032889
2_3,c1172,c2124,55,453,1464,0.067537
2_3,c1172,c2181,68,453,1122,0.095381
2_3,c1172,c2185,176,453,2786,0.156665
2_3,c1172,c5069,3,453,42,0.021749
2_3,c1172,c5154,15,453,1886,0.016228
2_3,c1172,c6005,127,453,1054,0.183795
2_3,c1176,c2181,8,39,1122,0.038244
2_3,c1176,c2185,24,39,2786,0.07281
2_3,c1176,c6005,5,39,1054,0.024661
2_3,c1182,c6005,4,7,1054,0.046568
2_3,c1183,c2124,260,1235,1464,0.193361
2_3,c1183,c2181,191,1235,1122,0.162257
2_3,c1183,c2184,3,1235,18,0.020121
2_3,c1183,c2185,364,1235,2786,0.196235
2_3,c1183,c5154,308,1235,1886,0.201812
2_3,c1183,c6005,106,1235,1054,0.092908
2_3,c2001,c2124,7,58,1464,0.024022
2_3,c2001,c2185,20,58,2786,0.049754
2_3,c2001,c5154,22,58,1886,0.066518
2_3,c2001,c6005,6,58,1054,0.024267
2_3,c2007,c2124,33,258,1464,0.053695
2_3,c2007,c2181,82,258,1122,0.152408
2_3,c2007,c2185,60,258,2786,0.07077
2_3,c2007,c5154,26,258,1886,0.037273
2_3,c2007,c6005,55,258,1054,0.105471
2_3,c2071,c2124,3,27,1464,0.015089
2_3,c2071,c2181,13,27,1122,0.07469
2_3,c2071,c2185,4,27,2786,0.014584
2_3,c2071,c6005,5,27,1054,0.029639
2_3,c2076,c2181,5,18,1122,0.035183
2_3,c2076,c2185,4,18,2786,0.017862
2_3,c2076,c6005,8,18,1054,0.058081
2_3,c2103,c6005,3,6,1054,0.037725
2_3,c2124,c1172,7,1357,32,0.033592
2_3,c2124,c1183,26,1357,100,0.07058
2_3,c2124,c2131,6,1357,22,0.034726
2_3,c2124,c2181,63,1357,1122,0.051057
2_3,c2124,c2184,6,1357,18,0.038391
2_3,c2124,c2185,564,1357,2786,0.290067
2_3,c2124,c5069,5,1357,42,0.020944
2_3,c2124,c5154,486,1357,1886,0.303791
2_3,c2124,c6005,192,1357,1054,0.160543
2_3,c2129,c2124,63,141,1464,0.138663
2_3,c2129,c2185,46,141,2786,0.073394
2_3,c2129,c5154,21,141,1886,0.040723
2_3,c2129,c6005,5,141,1054,0.01297
2_3,c2131,c1183,13,856,100,0.044433
2_3,c2131,c2124,200,856,1464,0.178658
2_3,c2131,c2181,34,856,1122,0.034693
2_3,c2131,c2185,235,856,2786,0.152174
2_3,c2131,c5154,323,856,1886,0.254211
2_3,c2131,c6005,46,856,1054,0.048428
2_3,c2181,c1172,3,399,32,0.02655
2_3,c2181,c1183,5,399,100,0.025031
2_3,c2181,c2124,15,399,1464,0.019626
2_3,c2181,c2185,288,399,2786,0.273159
2_3,c2181,c5069,5,399,42,0.038624
2_3,c2181,c5154,36,399,1886,0.0415
2_3,c2181,c6005,44,399,1054,0.067849
2_3,c2184,c1183,9,644,100,0.035465
2_3,c2184,c2124,121,644,1464,0.124615
2_3,c2184,c2181,103,644,1122,0.121171
2_3,c2184,c2185,118,644,2786,0.088094
2_3,c2184,c5154,197,644,1886,0.178753
2_3,c2184,c6005,92,644,1054,0.111667
2_3,c2185,c1172,7,934,32,0.04049
2_3,c2185,c1183,18,934,100,0.058898
2_3,c2185,c2124,228,934,1464,0.19498
2_3,c2185,c2131,3,934,22,0.020928
2_3,c2185,c2181,271,934,1122,0.264728
2_3,c2185,c5069,18,934,42,0.090881
2_3,c2185,c5154,242,934,1886,0.182335
2_3,c2185,c6005,145,934,1054,0.146142
2_3,c4004,c2124,7,36,1464,0.030491
2_3,c4004,c2185,16,36,2786,0.050522
2_3,c4004,c5154,9,36,1886,0.03454
2_3,c4123,c2185,3,9,2786,0.018946
2_3,c4123,c5154,4,9,1886,0.030702
2_3,c5069,c2124,17,156,1464,0.035573
2_3,c5069,c2181,34,156,1122,0.081268
2_3,c5069,c2185,57,156,2786,0.086461
2_3,c5069,c5154,23,156,1886,0.042403
2_3,c5069,c6005,24,156,1054,0.059187
2_3,c5072,c2124,10,114,1464,0.024478
2_3,c5072,c2181,21,114,1122,0.058718
2_3,c5072,c2185,35,114,2786,0.062105
2_3,c5072,c5154,34,114,1886,0.073326
2_3,c5072,c6005,13,114,1054,0.037503
2_3,c5154,c1183,7,902,100,0.023307
2_3,c5154,c2124,345,902,1464,0.300224
2_3,c5154,c2131,6,902,22,0.042593
2_3,c5154,c2181,113,902,1122,0.112326
2_3,c5154,c2184,4,902,18,0.031392
2_3,c5154,c2185,321,902,2786,0.202494
2_3,c5154,c6005,101,902,1054,0.103585
2_3,c6005,c1172,4,539,32,0.030457
2_3,c6005,c1183,7,539,100,0.030151
2_3,c6005,c2124,71,539,1464,0.079927
2_3,c6005,c2131,3,539,22,0.02755
2_3,c6005,c2181,72,539,1122,0.092585
2_3,c6005,c2185,286,539,2786,0.233389
2_3,c6005,c5154,92,539,1886,0.091248
2_3,c6037,c2181,3,67,1122,0.010942
2_3,c6037,c2185,63,67,2786,0.145818
4,c1022,c1133,4,167,44,0.046663
4,c1022,c1172,27,167,453,0.098165
4,c1022,c1183,44,167,1235,0.096886
4,c1022,c2007,18,167,258,0.086717
4,c1022,c2124,56,167,1357,0.117636
4,c1022,c2131,39,167,856,0.10315
4,c1022,c2181,11,167,399,0.042614
4,c1022,c2184,25,167,644,0.076232
4,c1022,c2185,27,167,934,0.068365
4,c1022,c5069,7,167,156,0.043369
4,c1022,c5154,25,167,902,0.064414
4,c1022,c6005,31,167,539,0.103326
4,c1022,c6037,5,167,67,0.047269
4,c1083,c1176,5,5,39,0.358057
4,c1083,c6005,3,5,539,0.057789
4,c1104,c1172,6,93,453,0.029232
4,c1104,c1176,4,93,39,0.066418
4,c1104,c1183,82,93,1235,0.241957
4,c1104,c2007,5,93,258,0.032279
4,c1104,c2124,19,93,1357,0.053484
4,c1104,c2131,6,93,856,0.021265
4,c1104,c2181,9,93,399,0.046721
4,c1104,c2184,8,93,644,0.032689
4,c1104,c2185,14,93,934,0.047502
4,c1104,c5072,4,93,114,0.038848
4,c1104,c5154,11,93,902,0.037979
4,c1104,c6005,10,93,539,0.044665
4,c1104,c6037,3,93,67,0.038005
4,c1117,c1022,6,161,112,0.044682
4,c1117,c1133,3,161,44,0.035644
4,c1117,c1172,39,161,453,0.144412
4,c1117,c1183,41,161,1235,0.091947
4,c1117,c2001,4,161,58,0.041394
4,c1117,c2007,4,161,258,0.019626
4,c1117,c2124,66,161,1357,0.141202
4,c1117,c2129,4,161,141,0.026548
4,c1117,c2131,27,161,856,0.07273
4,c1117,c2181,12,161,399,0.047346
4,c1117,c2184,14,161,644,0.043478
4,c1117,c2185,38,161,934,0.097993
4,c1117,c5072,3,161,114,0.022144
4,c1117,c5154,24,161,902,0.062979
4,c1117,c6005,28,161,539,0.09505
4,c1117,c6037,3,161,67,0.028885
4,c1133,c1022,3,80,112,0.031693
4,c1133,c1172,19,80,453,0.099807
4,c1133,c1183,10,80,1235,0.031814
4,c1133,c2007,5,80,258,0.034803
4,c1133,c2124,13,80,1357,0.039456
4,c1133,c2131,4,80,856,0.015285
4,c1133,c2181,16,80,399,0.089555
4,c1133,c2184,6,80,644,0.026434
4,c1133,c2185,27,80,934,0.098775
4,c1133,c5069,8,80,156,0.071611
4,c1133,c5072,7,80,114,0.073299
4,c1133,c5154,7,80,902,0.026059
4,c1133,c6005,31,80,539,0.149287
4,c1163,c1183,3,5,1235,0.038177
4,c1168,c1172,8,44,453,0.056665
4,c1168,c1183,5,44,1235,0.021449
4,c1168,c2007,7,44,258,0.065699
4,c1168,c2124,6,44,1357,0.024555
4,c1168,c2131,3,44,856,0.015458
4,c1168,c2181,12,44,399,0.090567
4,c1168,c2184,13,44,644,0.077228
4,c1168,c2185,4,44,934,0.019732
4,c1168,c5154,5,44,902,0.025098
4,c1168,c6005,13,44,539,0.084416
4,c1171,c1183,11,22,1235,0.066734
4,c1171,c2124,3,22,1357,0.017363
4,c1171,c2131,6,22,856,0.043722
4,c1171,c2184,4,22,644,0.033605
4,c1171,c2185,9,22,934,0.062785
4,c1171,c5154,3,22,902,0.021296
4,c1172,c1022,13,277,112,0.073806
4,c1172,c1133,6,277,44,0.054348
4,c1172,c1183,76,277,1235,0.129939
4,c1172,c2001,3,277,58,0.023668
4,c1172,c2007,25,277,258,0.093517
4,c1172,c2124,130,277,1357,0.212038
4,c1172,c2129,8,277,141,0.04048
4,c1172,c2131,70,277,856,0.143754
4,c1172,c2181,37,277,399,0.111295
4,c1172,c2184,48,277,644,0.113647
4,c1172,c2185,53,277,934,0.104199
4,c1172,c5069,8,277,156,0.038485
4,c1172,c5072,7,277,114,0.039392
4,c1172,c5154,15,277,902,0.030009
4,c1172,c6005,44,277,539,0.113872
4,c1172,c6037,5,277,67,0.036702
4,c1176,c1172,11,62,453,0.065637
4,c1176,c1183,20,62,1235,0.072277
4,c1176,c2007,8,62,258,0.063253
4,c1176,c2124,25,62,1357,0.086189
4,c1176,c2131,9,62,856,0.039067
4,c1176,c2184,7,62,644,0.035032
4,c1176,c2185,19,62,934,0.078956
4,c1176,c5154,9,62,902,0.038058
4,c1176,c6037,4,62,67,0.062062
4,c1178,c2007,8,24,258,0.101666
4,c1178,c2131,3,24,856,0.02093
4,c1178,c2181,11,24,399,0.112409
4,c1178,c2184,6,24,644,0.048262
4,c1178,c6005,10,24,539,0.087922
4,c1182,c1133,3,13,44,0.125436
4,c1182,c1172,4,13,453,0.052124
4,c1182,c2124,4,13,1357,0.030116
4,c1182,c6005,7,13,539,0.083624
4,c1183,c1022,9,470,112,0.039227
4,c1183,c1117,7,470,44,0.048677
4,c1183,c1133,3,470,44,0.020862
4,c1183,c1168,5,470,39,0.036931
4,c1183,c1172,33,470,453,0.071518
4,c1183,c2001,11,470,58,0.066624
4,c1183,c2007,34,470,258,0.097638
4,c1183,c2071,6,470,27,0.053262
4,c1183,c2124,222,470,1357,0.27798
4,c1183,c2129,12,470,141,0.046615
4,c1183,c2131,121,470,856,0.190765
4,c1183,c2181,35,470,399,0.080823
4,c1183,c2184,103,470,644,0.187217
4,c1183,c2185,143,470,934,0.215831
4,c1183,c4004,6,470,36,0.046127
4,c1183,c4123,3,470,9,0.046127
4,c1183,c5069,15,470,156,0.055396
4,c1183,c5072,11,470,114,0.047522
4,c1183,c5154,79,470,902,0.121332
4,c1183,c6005,70,470,539,0.139077
4,c1183,c6037,4,470,67,0.022541
4,c2001,c1183,13,39,1235,0.059235
4,c2001,c2124,18,39,1357,0.078244
4,c2001,c2131,5,39,856,0.027365
4,c2001,c2184,11,39,644,0.069409
4,c2001,c2185,3,39,934,0.015719
4,c2001,c5072,3,39,114,0.044992
4,c2001,c5154,6,39,902,0.03199
4,c2001,c6005,8,39,539,0.055178
4,c2007,c1022,5,263,112,0.029133
4,c2007,c1117,4,263,44,0.037184
4,c2007,c1168,7,263,39,0.069117
4,c2007,c1172,34,263,453,0.098504
4,c2007,c1176,5,263,39,0.04937
4,c2007,c1183,63,263,1235,0.110542
4,c2007,c2001,4,263,58,0.032387
4,c2007,c2124,134,263,1357,0.224304
4,c2007,c2129,7,263,141,0.036351
4,c2007,c2131,39,263,856,0.082196
4,c2007,c2181,42,263,399,0.129654
4,c2007,c2184,30,263,644,0.072895
4,c2007,c2185,22,263,934,0.044389
4,c2007,c4004,4,263,36,0.041108
4,c2007,c5069,6,263,156,0.029622
4,c2007,c5072,5,263,114,0.028876
4,c2007,c5154,52,263,902,0.106763
4,c2007,c6005,43,263,539,0.114208
4,c2007,c6037,14,263,67,0.105466
4,c2024,c1183,5,11,1235,0.042898
4,c2024,c2124,5,11,1357,0.040925
4,c2024,c2184,4,11,644,0.047525
4,c2066,c1183,6,9,1235,0.056911
4,c2066,c2124,5,9,1357,0.045244
4,c2066,c5154,4,9,902,0.044395
4,c2071,c1022,4,96,112,0.038576
4,c2071,c1172,10,96,453,0.047953
4,c2071,c1183,35,96,1235,0.101648
4,c2071,c2124,30,96,1357,0.083118
4,c2071,c2131,12,96,856,0.041861
4,c2071,c2181,9,96,399,0.045985
4,c2071,c2184,13,96,644,0.052284
4,c2071,c2185,26,96,934,0.086829
4,c2071,c5154,25,96,902,0.084957
4,c2071,c6005,15,96,539,0.065942
4,c2076,c1172,4,21,453,0.041011
4,c2076,c2124,10,21,1357,0.059238
4,c2076,c2181,7,21,399,0.076472
4,c2076,c2184,3,21,644,0.025797
4,c2076,c6005,11,21,539,0.103392
4,c2103,c1183,3,20,1235,0.019089
4,c2103,c2007,6,20,258,0.083527
4,c2103,c2124,3,20,1357,0.01821
4,c2103,c2131,3,20,856,0.022928
4,c2103,c2184,8,20,644,0.070491
4,c2103,c4123,3,20,9,0.223607
4,c2110,c1183,3,19,1235,0.019584
4,c2110,c2124,6,19,1357,0.037367
4,c2110,c2131,7,19,856,0.054889
4,c2110,c2185,10,19,934,0.075067
4,c2124,c1022,6,221,112,0.038137
4,c2124,c1168,6,221,39,0.064628
4,c2124,c1172,44,221,453,0.139062
4,c2124,c1176,4,221,39,0.043086
4,c2124,c1183,85,221,1235,0.162701
4,c2124,c2007,26,221,258,0.108885
4,c2124,c2071,6,221,27,0.077674
4,c2124,c2129,6,221,141,0.03399
4,c2124,c2131,22,221,856,0.050581
4,c2124,c2181,19,221,399,0.063984
4,c2124,c2184,38,221,644,0.100727
4,c2124,c2185,47,221,934,0.103449
4,c2124,c5069,13,221,156,0.070014
4,c2124,c5072,7,221,114,0.044101
4,c2124,c5154,55,221,902,0.123187
4,c2124,c6005,48,221,539,0.139076
4,c2129,c1022,4,126,112,0.033672
4,c2129,c1117,3,126,44,0.040291
4,c2129,c1172,3,126,453,0.012557
4,c2129,c1183,49,126,1235,0.124216
4,c2129,c2124,31,126,1357,0.07497
4,c2129,c2131,59,126,856,0.179651
4,c2129,c2184,23,126,644,0.080742
4,c2129,c2185,51,126,934,0.148666
4,c2129,c5154,9,126,902,0.026696
4,c2129,c6005,10,126,539,0.038373
4,c2131,c1022,19,510,112,0.079499
4,c2131,c1117,6,510,44,0.040053
4,c2131,c1171,4,510,20,0.039606
4,c2131,c1172,44,510,453,0.091542
4,c2131,c1176,4,510,39,0.028362
4,c2131,c1183,200,510,1235,0.252006
4,c2131,c2001,6,510,58,0.034886
4,c2131,c2007,20,510,258,0.055136
4,c2131,c2124,113,510,1357,0.135832
4,c2131,c2129,43,510,141,0.160352
4,c2131,c2181,10,510,399,0.022168
4,c2131,c2184,78,510,644,0.136103
4,c2131,c2185,128,510,934,0.185461
4,c2131,c4004,7,510,36,0.051661
4,c2131,c5069,10,510,156,0.035453
4,c2131,c5072,21,510,114,0.087093
4,c2131,c5154,255,510,902,0.375969
4,c2131,c6005,38,510,539,0.072478
4,c2131,c6037,4,510,67,0.021639
4,c2181,c1172,12,37,453,0.09269
4,c2181,c1183,9,37,1235,0.042103
4,c2181,c2007,4,37,258,0.04094
4,c2181,c2124,7,37,1357,0.03124
4,c2181,c2185,15,37,934,0.080689
4,c2181,c5069,3,37,156,0.039487
4,c2181,c5072,3,37,114,0.046192
4,c2181,c5154,5,37,902,0.027369
4,c2181,c6005,8,37,539,0.056649
4,c2181,c6037,3,37,67,0.060254
4,c2184,c1022,15,539,112,0.06105
4,c2184,c1117,7,539,44,0.045455
4,c2184,c1133,3,539,44,0.019481
4,c2184,c1171,3,539,20,0.028894
4,c2184,c1172,40,539,453,0.08095
4,c2184,c1183,186,539,1235,0.227974
4,c2184,c2001,12,539,58,0.067869
4,c2184,c2007,24,539,258,0.064359
4,c2184,c2071,6,539,27,0.049736
4,c2184,c2124,210,539,1357,0.245547
4,c2184,c2129,19,539,141,0.068921
4,c2184,c2131,227,539,856,0.334191
4,c2184,c2181,45,539,399,0.097036
4,c2184,c2185,60,539,934,0.084564
4,c2184,c4004,6,539,36,0.043073
4,c2184,c4123,3,539,9,0.043073
4,c2184,c5069,23,539,156,0.079318
4,c2184,c5072,17,539,114,0.068581
4,c2184,c5154,117,539,902,0.167799
4,c2184,c6005,44,539,539,0.081633
4,c2184,c6037,7,539,67,0.036835
4,c2185,c1172,6,86,453,0.030399
4,c2185,c1183,38,86,1235,0.116601
4,c2185,c2124,29,86,1357,0.08489
4,c2185,c2129,10,86,141,0.090812
4,c2185,c2131,34,86,856,0.125312
4,c2185,c2181,8,86,399,0.043187
4,c2185,c2184,19,86,644,0.080735
4,c2185,c5069,4,86,156,0.034534
4,c2185,c5072,3,86,114,0.030298
4,c2185,c5154,8,86,902,0.028724
4,c2185,c6005,6,86,539,0.027868
4,c4004,c1183,42,61,1235,0.153021
4,c4004,c2124,7,61,1357,0.02433
4,c4004,c2131,12,61,856,0.052515
4,c4004,c2184,11,61,644,0.055499
4,c4004,c2185,19,61,934,0.0796
4,c4004,c5154,14,61,902,0.059684
4,c4004,c6005,6,61,539,0.03309
4,c4123,c1183,3,29,1235,0.015852
4,c4123,c2184,4,29,644,0.02927
4,c4123,c2185,13,29,934,0.07899
4,c4123,c5069,5,29,156,0.074338
4,c4123,c5154,20,29,902,0.12366
4,c5001,c1183,7,10,1235,0.062989
4,c5001,c5154,5,10,902,0.052646
4,c5033,c1172,3,12,453,0.040689
4,c5033,c2131,3,12,856,0.0296
4,c5033,c2181,4,12,399,0.057807
4,c5033,c2185,4,12,934,0.037783
4,c5069,c1022,3,165,112,0.022068
4,c5069,c1133,6,165,44,0.070418
4,c5069,c1171,3,165,20,0.052223
4,c5069,c1172,32,165,453,0.117047
4,c5069,c1183,37,165,1235,0.081965
4,c5069,c2007,7,165,258,0.033927
4,c5069,c2124,46,165,1357,0.097213
4,c5069,c2129,3,165,141,0.019668
4,c5069,c2131,20,165,856,0.053217
4,c5069,c2181,29,165,399,0.113024
4,c5069,c2184,17,165,644,0.052151
4,c5069,c2185,54,165,934,0.137556
4,c5069,c5072,5,165,114,0.036457
4,c5069,c5154,41,165,902,0.106277
4,c5069,c6005,20,165,539,0.067065
4,c5069,c6037,3,165,67,0.028533
4,c5072,c1022,3,155,112,0.022769
4,c5072,c1117,3,155,44,0.036327
4,c5072,c1172,16,155,453,0.060382
4,c5072,c1183,54,155,1235,0.123423
4,c5072,c2007,16,155,258,0.08001
4,c5072,c2124,35,155,1357,0.076315
4,c5072,c2129,4,155,141,0.027057
4,c5072,c2131,23,155,856,0.063143
4,c5072,c2181,18,155,399,0.07238
4,c5072,c2184,26,155,644,0.082293
4,c5072,c2185,32,155,934,0.084103
4,c5072,c5069,11,155,156,0.07074
4,c5072,c5154,55,155,902,0.147094
4,c5072,c6005,6,155,539,0.020758
4,c5111,c1172,5,8,453,0.083057
4,c5111,c2185,4,8,934,0.046274
4,c5154,c1022,3,102,112,0.028068
4,c5154,c1172,12,102,453,0.055825
4,c5154,c1183,30,102,1235,0.084525
4,c5154,c2007,12,102,258,0.073973
4,c5154,c2124,21,102,1357,0.056445
4,c5154,c2129,6,102,141,0.050031
4,c5154,c2131,31,102,856,0.104912
4,c5154,c2181,7,102,399,0.034699
4,c5154,c2184,22,102,644,0.085838
4,c5154,c2185,25,102,934,0.080997
4,c5154,c5069,8,102,156,0.06342
4,c5154,c6005,14,102,539,0.059708
4,c5175,c2131,3,5,856,0.045856
4,c5175,c2185,3,5,934,0.0439
4,c6005,c1117,3,133,44,0.039217
4,c6005,c1171,3,133,20,0.058168
4,c6005,c1172,24,133,453,0.097777
4,c6005,c1183,35,133,1235,0.086359
4,c6005,c2007,7,133,258,0.037789
4,c6005,c2124,54,133,1357,0.12711
4,c6005,c2131,25,133,856,0.074093
4,c6005,c2181,38,133,399,0.164957
4,c6005,c2184,14,133,644,0.047836
4,c6005,c2185,12,133,934,0.034047
4,c6005,c5069,10,133,156,0.069424
4,c6005,c5154,26,133,902,0.075066
4,c6005,c6037,4,133,67,0.042374
4,c6037,c1022,3,133,112,0.02458
4,c6037,c1168,5,133,39,0.069424
4,c6037,c1183,26,133,1235,0.064153
4,c6037,c2007,8,133,258,0.043187
4,c6037,c2124,36,133,1357,0.08474
4,c6037,c2131,31,133,856,0.091875
4,c6037,c2184,74,133,644,0.25285
4,c6037,c2185,55,133,934,0.15605
4,c6037,c5069,5,133,156,0.034712
4,c6037,c5154,12,133,902,0.034646
4,c6037,c6005,6,133,539,0.022409
5_protected,c1022,c1133,4,69,44,0.072595
5_protected,c1022,c1168,5,69,39,0.096386
5_protected,c1022,c1172,3,69,453,0.016969
5_protected,c1022,c1183,11,69,1235,0.037682
5_protected,c1022,c2007,8,69,258,0.059959
5_protected,c1022,c2124,28,69,1357,0.091505
5_protected,c1022,c2131,18,69,856,0.074065
5_protected,c1022,c2181,9,69,399,0.054241
5_protected,c1022,c2184,13,69,644,0.06167
5_protected,c1022,c2185,12,69,934,0.04727
5_protected,c1022,c5111,4,69,5,0.215353
5_protected,c1022,c5154,4,69,902,0.016034
5_protected,c1022,c6005,12,69,539,0.062225
5_protected,c1046,c1172,7,74,453,0.038233
5_protected,c1046,c1183,17,74,1235,0.056234
5_protected,c1046,c2124,31,74,1357,0.097826
5_protected,c1046,c2129,3,74,141,0.029369
5_protected,c1046,c2131,17,74,856,0.067545
5_protected,c1046,c2181,16,74,399,0.093115
5_protected,c1046,c2184,6,74,644,0.027485
5_protected,c1046,c5072,5,74,114,0.054438
5_protected,c1046,c5154,30,74,902,0.116119
5_protected,c1046,c6005,5,74,539,0.025036
5_protected,c1083,c1176,4,5,39,0.286446
5_protected,c1104,c1022,3,137,112,0.024219
5_protected,c1104,c1176,5,137,39,0.068403
5_protected,c1104,c1183,114,137,1235,0.277148
5_protected,c1104,c2124,68,137,1357,0.15771
5_protected,c1104,c2129,4,137,141,0.02878
5_protected,c1104,c2131,19,137,856,0.055483
5_protected,c1104,c2181,8,137,399,0.034217
5_protected,c1104,c2184,11,137,644,0.037033
5_protected,c1104,c2185,4,137,934,0.011182
5_protected,c1104,c5154,17,137,902,0.04836
5_protected,c1104,c6005,10,137,539,0.0368
5_protected,c1104,c6037,4,137,67,0.041751
5_protected,c1117,c1133,6,171,44,0.069171
5_protected,c1117,c1168,3,171,39,0.036736
5_protected,c1117,c1172,72,171,453,0.258693
5_protected,c1117,c1176,6,171,39,0.073472
5_protected,c1117,c1183,31,171,1235,0.067457
5_protected,c1117,c2001,4,171,58,0.040165
5_protected,c1117,c2007,6,171,258,0.028566
5_protected,c1117,c2124,60,171,1357,0.124556
5_protected,c1117,c2131,13,171,856,0.033979
5_protected,c1117,c2181,4,171,399,0.015314
5_protected,c1117,c2184,10,171,644,0.030134
5_protected,c1117,c2185,23,171,934,0.057551
5_protected,c1117,c5069,25,171,156,0.153066
5_protected,c1117,c5072,3,171,114,0.021487
5_protected,c1117,c5154,44,171,902,0.112034
5_protected,c1117,c6005,20,171,539,0.065878
5_protected,c1117,c6037,3,171,67,0.028028
5_protected,c1118,c2124,3,3,1357,0.047019
5_protected,c1118,c6005,3,3,539,0.074605
5_protected,c1133,c1022,12,441,112,0.053995
5_protected,c1133,c1117,6,441,44,0.043073
5_protected,c1133,c1168,5,441,39,0.038126
5_protected,c1133,c1172,104,441,453,0.232683
5_protected,c1133,c1176,3,441,39,0.022875
5_protected,c1133,c1183,88,441,1235,0.119242
5_protected,c1133,c2007,45,441,258,0.133408
5_protected,c1133,c2076,6,441,18,0.067344
5_protected,c1133,c2103,3,441,6,0.058321
5_protected,c1133,c2124,56,441,1357,0.07239
5_protected,c1133,c2129,4,441,141,0.016041
5_protected,c1133,c2131,45,441,856,0.073241
5_protected,c1133,c2181,87,441,399,0.207402
5_protected,c1133,c2184,62,441,644,0.11634
5_protected,c1133,c2185,128,441,934,0.199442
5_protected,c1133,c4004,3,441,36,0.02381
5_protected,c1133,c5069,36,441,156,0.137253
5_protected,c1133,c5072,29,441,114,0.129338
5_protected,c1133,c5154,64,441,902,0.101475
5_protected,c1133,c6005,77,441,539,0.157935
5_protected,c1133,c6037,6,441,67,0.034906
5_protected,c1143,c2124,3,7,1357,0.030781
5_protected,c1143,c2184,3,7,644,0.044682
5_protected,c1143,c5154,3,7,902,0.037755
5_protected,c1153,c1022,3,112,112,0.026786
5_protected,c1153,c1168,3,112,39,0.045392
5_protected,c1153,c1172,9,112,453,0.039956
5_protected,c1153,c1183,28,112,1235,0.075286
5_protected,c1153,c2124,37,112,1357,0.094908
5_protected,c1153,c2131,24,112,856,0.077511
5_protected,c1153,c2181,6,112,399,0.028383
5_protected,c1153,c2184,22,112,644,0.081916
5_protected,c1153,c2185,45,112,934,0.139133
5_protected,c1153,c5069,6,112,156,0.045392
5_protected,c1153,c5072,3,112,114,0.02655
5_protected,c1153,c5154,17,112,902,0.053486
5_protected,c1153,c6005,11,112,539,0.04477
5_protected,c1153,c6037,3,112,67,0.034632
5_protected,c1168,c1117,4,233,44,0.039505
5_protected,c1168,c1172,41,233,453,0.126199
5_protected,c1168,c1176,3,233,39,0.031471
5_protected,c1168,c1182,4,233,7,0.099045
5_protected,c1168,c1183,46,233,1235,0.085752
5_protected,c1168,c2007,32,233,258,0.130516
5_protected,c1168,c2076,3,233,18,0.046324
5_protected,c1168,c2124,69,233,1357,0.12271
5_protected,c1168,c2131,22,233,856,0.049262
5_protected,c1168,c2181,14,233,399,0.045916
5_protected,c1168,c2184,32,233,644,0.082609
5_protected,c1168,c2185,115,233,934,0.246517
5_protected,c1168,c5069,8,233,156,0.041961
5_protected,c1168,c5072,4,233,114,0.024543
5_protected,c1168,c5154,13,233,902,0.028357
5_protected,c1168,c6005,39,233,539,0.110051
5_protected,c1171,c1022,3,277,112,0.017032
5_protected,c1171,c1172,5,277,453,0.014115
5_protected,c1171,c1176,6,277,39,0.057727
5_protected,c1171,c1183,138,277,1235,0.235942
5_protected,c1171,c2007,5,277,258,0.018703
5_protected,c1171,c2071,14,277,27,0.161885
5_protected,c1171,c2124,29,277,1357,0.047301
5_protected,c1171,c2129,29,277,141,0.14674
5_protected,c1171,c2131,60,277,856,0.123218
5_protected,c1171,c2181,4,277,399,0.012032
5_protected,c1171,c2184,42,277,644,0.099441
5_protected,c1171,c2185,57,277,934,0.112063
5_protected,c1171,c4004,5,277,36,0.05007
5_protected,c1171,c4123,3,277,9,0.060084
5_protected,c1171,c5072,8,277,114,0.045019
5_protected,c1171,c5154,123,277,902,0.246072
5_protected,c1171,c6005,21,277,539,0.054348
5_protected,c1172,c1022,13,492,112,0.05538
5_protected,c1172,c1117,3,492,44,0.02039
5_protected,c1172,c1133,5,492,44,0.033983
5_protected,c1172,c1168,3,492,39,0.021657
5_protected,c1172,c1171,4,492,20,0.040324
5_protected,c1172,c1183,166,492,1235,0.212957
5_protected,c1172,c2001,5,492,58,0.029599
5_protected,c1172,c2007,33,492,258,0.092624
5_protected,c1172,c2071,4,492,27,0.034705
5_protected,c1172,c2124,274,492,1357,0.335334
5_protected,c1172,c2129,11,492,141,0.041764
5_protected,c1172,c2131,167,492,856,0.257334
5_protected,c1172,c2181,25,492,399,0.056425
5_protected,c1172,c2184,123,492,644,0.218514
5_protected,c1172,c2185,75,492,934,0.110638
5_protected,c1172,c4004,4,492,36,0.030056
5_protected,c1172,c5069,14,492,156,0.050534
5_protected,c1172,c5072,9,492,114,0.038002
5_protected,c1172,c5154,8,492,902,0.012009
5_protected,c1172,c6005,23,492,539,0.044663
5_protected,c1172,c6037,10,492,67,0.055078
5_protected,c1176,c1183,10,39,1235,0.045565
5_protected,c1176,c2124,14,39,1357,0.060856
5_protected,c1176,c2131,12,39,856,0.065677
5_protected,c1176,c2181,4,39,399,0.032066
5_protected,c1176,c2185,20,39,934,0.104791
5_protected,c1176,c5154,5,39,902,0.026658
5_protected,c1178,c1022,7,46,112,0.097524
5_protected,c1178,c1172,3,46,453,0.020782
5_protected,c1178,c1183,5,46,1235,0.020978
5_protected,c1178,c2007,7,46,258,0.064255
5_protected,c1178,c2124,7,46,1357,0.028017
5_protected,c1178,c2181,16,46,399,0.118101
5_protected,c1178,c5154,6,46,902,0.029456
5_protected,c1178,c6005,36,46,539,0.228628
5_protected,c1182,c1172,10,21,453,0.102528
5_protected,c1182,c2184,4,21,644,0.034396
5_protected,c1182,c2185,3,21,934,0.021421
5_protected,c1182,c6005,17,21,539,0.159788
5_protected,c1183,c1022,3,105,112,0.027664
5_protected,c1183,c1117,4,105,44,0.058849
5_protected,c1183,c1172,7,105,453,0.032096
5_protected,c1183,c2007,11,105,258,0.066833
5_protected,c1183,c2124,43,105,1357,0.113916
5_protected,c1183,c2129,6,105,141,0.049311
5_protected,c1183,c2131,39,105,856,0.130087
5_protected,c1183,c2181,9,105,399,0.043971
5_protected,c1183,c2184,14,105,644,0.053838
5_protected,c1183,c2185,17,105,934,0.054285
5_protected,c1183,c5154,14,105,902,0.045491
5_protected,c1183,c6005,27,105,539,0.113494
5_protected,c1183,c6037,5,105,67,0.059613
5_protected,c2001,c2129,3,3,141,0.145865
5_protected,c2007,c1183,5,25,1235,0.028456
5_protected,c2007,c2124,13,25,1357,0.07058
5_protected,c2007,c2131,6,25,856,0.041015
5_protected,c2007,c2181,3,25,399,0.030038
5_protected,c2007,c2184,6,25,644,0.047287
5_protected,c2007,c2185,3,25,934,0.019633
5_protected,c2007,c5154,3,25,902,0.019978
5_protected,c2007,c6005,5,25,539,0.043073
5_protected,c2008,c2124,3,6,1357,0.033247
5_protected,c2008,c2185,4,6,934,0.053433
5_protected,c2024,c1022,13,163,112,0.096215
5_protected,c2024,c1172,22,163,453,0.080962
5_protected,c2024,c1183,19,163,1235,0.042347
5_protected,c2024,c2007,14,163,258,0.068269
5_protected,c2024,c2124,73,163,1357,0.155217
5_protected,c2024,c2129,4,163,141,0.026385
5_protected,c2024,c2131,28,163,856,0.07496
5_protected,c2024,c2181,56,163,399,0.219588
5_protected,c2024,c2184,10,163,644,0.030865
5_protected,c2024,c2185,3,163,934,0.007689
5_protected,c2024,c5069,12,163,156,0.075253
5_protected,c2024,c5154,53,163,902,0.138223
5_protected,c2024,c6005,7,163,539,0.023616
5_protected,c2024,c6037,5,163,67,0.047845
5_protected,c2066,c1172,4,44,453,0.028332
5_protected,c2066,c1183,14,44,1235,0.060058
5_protected,c2066,c2124,25,44,1357,0.102311
5_protected,c2066,c2131,3,44,856,0.015458
5_protected,c2066,c5154,34,44,902,0.170667
5_protected,c2071,c1117,6,26,44,0.177394
5_protected,c2071,c1183,10,26,1235,0.055806
5_protected,c2071,c2124,5,26,1357,0.026619
5_protected,c2071,c2181,11,26,399,0.107999
5_protected,c2071,c2185,4,26,934,0.025668
5_protected,c2071,c5154,9,26,902,0.05877
5_protected,c2076,c1133,3,7,44,0.170941
5_protected,c2076,c1172,3,7,453,0.053275
5_protected,c2103,c1022,11,220,112,0.070076
5_protected,c2103,c1168,5,220,39,0.053979
5_protected,c2103,c1172,27,220,453,0.085527
5_protected,c2103,c1183,71,220,1235,0.136211
5_protected,c2103,c2001,3,220,58,0.026558
5_protected,c2103,c2007,12,220,258,0.050369
5_protected,c2103,c2124,33,220,1357,0.060397
5_protected,c2103,c2129,16,220,141,0.090845
5_protected,c2103,c2131,46,220,856,0.106001
5_protected,c2103,c2181,15,220,399,0.050628
5_protected,c2103,c2184,43,220,644,0.114239
5_protected,c2103,c2185,47,220,934,0.103684
5_protected,c2103,c4004,5,220,36,0.056183
5_protected,c2103,c5069,5,220,156,0.02699
5_protected,c2103,c5072,4,220,114,0.025258
5_protected,c2103,c5154,86,220,902,0.193056
5_protected,c2103,c6005,7,220,539,0.020328
5_protected,c2110,c2124,9,11,1357,0.073664
5_protected,c2110,c2185,7,11,934,0.06906
5_protected,c2112,c1183,6,28,1235,0.032266
5_protected,c2112,c2124,12,28,1357,0.061562
5_protected,c2112,c2131,8,28,856,0.051674
5_protected,c2112,c2181,4,28,399,0.037844
5_protected,c2112,c2184,8,28,644,0.059576
5_protected,c2112,c5154,3,28,902,0.018877
5_protected,c2112,c6005,3,28,539,0.02442
5_protected,c2112,c6037,3,28,67,0.069264
5_protected,c2124,c1022,3,117,112,0.026207
5_protected,c2124,c1133,5,117,44,0.069687
5_protected,c2124,c1171,3,117,20,0.062017
5_protected,c2124,c1172,11,117,453,0.04778
5_protected,c2124,c1183,31,117,1235,0.081552
5_protected,c2124,c2001,6,117,58,0.072836
5_protected,c2124,c2007,20,117,258,0.115114
5_protected,c2124,c2129,4,117,141,0.031143
5_protected,c2124,c2131,18,117,856,0.056878
5_protected,c2124,c2181,8,117,399,0.037026
5_protected,c2124,c2184,30,117,644,0.109291
5_protected,c2124,c2185,27,117,934,0.081677
5_protected,c2124,c5069,8,117,156,0.059215
5_protected,c2124,c5154,16,117,902,0.049252
5_protected,c2124,c6005,33,117,539,0.131409
5_protected,c2125,c1183,3,5,1235,0.038177
5_protected,c2126,c1183,5,8,1235,0.050303
5_protected,c2126,c6005,3,8,539,0.045686
5_protected,c2129,c1022,12,403,112,0.056483
5_protected,c2129,c1117,4,403,44,0.030039
5_protected,c2129,c1172,29,403,453,0.067873
5_protected,c2129,c1183,136,403,1235,0.192776
5_protected,c2129,c2001,6,403,58,0.039245
5_protected,c2129,c2007,20,403,258,0.062025
5_protected,c2129,c2124,68,403,1357,0.091953
5_protected,c2129,c2131,105,403,856,0.178772
5_protected,c2129,c2181,4,403,399,0.009975
5_protected,c2129,c2184,62,403,644,0.121702
5_protected,c2129,c2185,115,403,934,0.187444
5_protected,c2129,c5069,4,403,156,0.015953
5_protected,c2129,c5072,9,403,114,0.041989
5_protected,c2129,c5154,170,403,902,0.281964
5_protected,c2129,c6005,51,403,539,0.109427
5_protected,c2131,c1022,4,119,112,0.034648
5_protected,c2131,c1172,6,119,453,0.025842
5_protected,c2131,c1176,3,119,39,0.044037
5_protected,c2131,c1183,39,119,1235,0.101732
5_protected,c2131,c2007,5,119,258,0.028536
5_protected,c2131,c2124,59,119,1357,0.146821
5_protected,c2131,c2129,10,119,141,0.0772
5_protected,c2131,c2181,6,119,399,0.027535
5_protected,c2131,c2184,6,119,644,0.021674
5_protected,c2131,c2185,25,119,934,0.074988
5_protected,c2131,c4004,3,119,36,0.045835
5_protected,c2131,c5072,10,119,114,0.085857
5_protected,c2131,c5154,34,119,902,0.103777
5_protected,c2131,c6005,19,119,539,0.075021
5_protected,c2131,c6037,7,119,67,0.078395
5_protected,c2181,c1183,9,18,1235,0.060363
5_protected,c2181,c2131,3,18,856,0.024168
5_protected,c2181,c2184,4,18,644,0.037152
5_protected,c2181,c6005,4,18,539,0.04061
5_protected,c2184,c1022,5,93,112,0.048991
5_protected,c2184,c1172,3,93,453,0.014616
5_protected,c2184,c1183,25,93,1235,0.073767
5_protected,c2184,c2001,5,93,58,0.068079
5_protected,c2184,c2007,3,93,258,0.019367
5_protected,c2184,c2124,33,93,1357,0.092893
5_protected,c2184,c2129,7,93,141,0.061129
5_protected,c2184,c2131,45,93,856,0.15949
5_protected,c2184,c2181,10,93,399,0.051913
5_protected,c2184,c2185,8,93,934,0.027144
5_protected,c2184,c5154,21,93,902,0.072506
5_protected,c2184,c6005,10,93,539,0.044665
5_protected,c2185,c1172,5,105,453,0.022926
5_protected,c2185,c1183,32,105,1235,0.088863
5_protected,c2185,c2124,56,105,1357,0.148355
5_protected,c2185,c2129,8,105,141,0.065748
5_protected,c2185,c2131,42,105,856,0.140093
5_protected,c2185,c2184,18,105,644,0.069221
5_protected,c2185,c5072,3,105,114,0.02742
5_protected,c2185,c5154,20,105,902,0.064988
5_protected,c2185,c6005,16,105,539,0.067256
5_protected,c4004,c1022,3,96,112,0.028932
5_protected,c4004,c1183,54,96,1235,0.156828
5_protected,c4004,c2001,3,96,58,0.040204
5_protected,c4004,c2124,28,96,1357,0.077577
5_protected,c4004,c2129,4,96,141,0.034381
5_protected,c4004,c2131,26,96,856,0.090699
5_protected,c4004,c2184,19,96,644,0.076414
5_protected,c4004,c2185,36,96,934,0.120225
5_protected,c4004,c5072,3,96,114,0.028677
5_protected,c4004,c5154,3,96,902,0.010195
5_protected,c4004,c6005,7,96,539,0.030773
5_protected,c4123,c1172,15,75,453,0.081379
5_protected,c4123,c1183,10,75,1235,0.032858
5_protected,c4123,c2007,16,75,258,0.115022
5_protected,c4123,c2124,11,75,1357,0.03448
5_protected,c4123,c2129,4,75,141,0.038897
5_protected,c4123,c2131,6,75,856,0.02368
5_protected,c4123,c2184,11,75,644,0.050052
5_protected,c4123,c2185,32,75,934,0.120905
5_protected,c4123,c5069,8,75,156,0.07396
5_protected,c4123,c5072,9,75,114,0.097333
5_protected,c4123,c5154,10,75,902,0.038447
5_protected,c4123,c6005,10,75,539,0.049736
5_protected,c5069,c1172,18,145,453,0.070233
5_protected,c5069,c1183,39,145,1235,0.092161
5_protected,c5069,c2124,75,145,1357,0.169078
5_protected,c5069,c2129,3,145,141,0.020981
5_protected,c5069,c2131,30,145,856,0.085153
5_protected,c5069,c2181,6,145,399,0.024945
5_protected,c5069,c2184,17,145,644,0.055632
5_protected,c5069,c2185,26,145,934,0.070651
5_protected,c5069,c5154,51,145,902,0.141021
5_protected,c5069,c6005,17,145,539,0.060809
5_protected,c5072,c1183,6,12,1235,0.049286
5_protected,c5072,c2124,7,12,1357,0.054855
5_protected,c5072,c5154,4,12,902,0.038447
5_protected,c5111,c1022,5,107,112,0.045674
5_protected,c5111,c1133,4,107,44,0.058296
5_protected,c5111,c1172,20,107,453,0.090842
5_protected,c5111,c1183,23,107,1235,0.063271
5_protected,c5111,c2001,3,107,58,0.038082
5_protected,c5111,c2007,6,107,258,0.036112
5_protected,c5111,c2124,43,107,1357,0.112846
5_protected,c5111,c2131,14,107,856,0.046259
5_protected,c5111,c2181,41,107,399,0.198429
5_protected,c5111,c2184,7,107,644,0.026666
5_protected,c5111,c2185,15,107,934,0.047449
5_protected,c5111,c5069,9,107,156,0.069661
5_protected,c5111,c6005,12,107,539,0.049968
5_protected,c5154,c1172,5,17,453,0.056977
5_protected,c5154,c2124,6,17,1357,0.039504
5_protected,c5154,c2131,5,17,856,0.041448
5_protected,c5154,c2185,4,17,934,0.031744
5_protected,c5154,c6005,3,17,539,0.03134
5_protected,c6005,c1172,11,45,453,0.077044
5_protected,c6005,c1183,5,45,1235,0.021209
5_protected,c6005,c2124,27,45,1357,0.109262
5_protected,c6005,c2131,10,45,856,0.050951
5_protected,c6005,c2181,13,45,399,0.097018
5_protected,c6005,c2184,5,45,644,0.029371
5_protected,c6005,c5154,12,45,902,0.059562
5_protected,c6017,c1133,4,4,44,0.301511
5_protected,c6037,c1183,26,105,1235,0.072201
5_protected,c6037,c2007,4,105,258,0.024303
5_protected,c6037,c2124,33,105,1357,0.087424
5_protected,c6037,c2131,10,105,856,0.033356
5_protected,c6037,c2184,42,105,644,0.161515
5_protected,c6037,c2185,65,105,934,0.207561
5_protected,c6037,c4004,3,105,36,0.048795
5_protected,c6037,c5154,6,105,902,0.019496
5_protected,c6037,c6005,12,105,539,0.050442
6_protected,c1022,c1104,6,131,230,0.034566
6_protected,c1022,c1117,17,131,332,0.081516
6_protected,c1022,c1133,45,131,521,0.17225
6_protected,c1022,c1168,17,131,278,0.089082
6_protected,c1022,c1171,7,131,299,0.035369
6_protected,c1022,c1172,6,131,785,0.01871
6_protected,c1022,c1176,5,131,101,0.043468
6_protected,c1022,c1183,7,131,625,0.024464
6_protected,c1022,c2001,4,131,42,0.053926
6_protected,c1022,c2007,18,131,288,0.09267
6_protected,c1022,c2066,3,131,53,0.036004
6_protected,c1022,c2103,8,131,241,0.045024
6_protected,c1022,c2124,32,131,1070,0.085472
6_protected,c1022,c2129,14,131,529,0.053182
6_protected,c1022,c2131,22,131,640,0.07598
6_protected,c1022,c2181,31,131,616,0.109128
6_protected,c1022,c2184,8,131,641,0.027607
6_protected,c1022,c2185,45,131,1584,0.098787
6_protected,c1022,c4004,5,131,160,0.034536
6_protected,c1022,c5069,8,131,331,0.038418
6_protected,c1022,c5072,6,131,167,0.040566
6_protected,c1022,c5154,15,131,1062,0.040215
6_protected,c1022,c6005,35,131,705,0.11517
6_protected,c1022,c6037,9,131,238,0.05097
6_protected,c1046,c1117,8,48,332,0.063372
6_protected,c1046,c1168,5,48,278,0.043284
6_protected,c1046,c1172,10,48,785,0.051516
6_protected,c1046,c1176,4,48,101,0.057448
6_protected,c1046,c1183,8,48,625,0.046188
6_protected,c1046,c2124,17,48,1070,0.075013
6_protected,c1046,c2129,6,48,529,0.037653
6_protected,c1046,c2131,9,48,640,0.051349
6_protected,c1046,c2181,13,48,616,0.075602
6_protected,c1046,c2184,7,48,641,0.039907
6_protected,c1046,c2185,8,48,1584,0.029013
6_protected,c1046,c5069,4,48,331,0.031734
6_protected,c1046,c5154,26,48,1062,0.115157
6_protected,c1076,c2129,4,7,529,0.065733
6_protected,c1076,c5154,4,7,1062,0.046393
6_protected,c1083,c1176,3,3,101,0.172345
6_protected,c1091,c1172,9,16,785,0.080306
6_protected,c1091,c2024,12,16,174,0.227429
6_protected,c1091,c2184,4,16,641,0.039498
6_protected,c1091,c2185,8,16,1584,0.050252
6_protected,c1091,c5111,3,16,115,0.069938
6_protected,c1091,c6005,7,16,705,0.065909
6_protected,c1103,c1133,5,5,521,0.097964
6_protected,c1103,c5069,4,5,331,0.098324
6_protected,c1104,c1022,6,66,236,0.048075
6_protected,c1104,c1117,6,66,332,0.040533
6_protected,c1104,c1171,3,66,299,0.021356
6_protected,c1104,c1172,5,66,785,0.021967
6_protected,c1104,c1176,13,66,101,0.159225
6_protected,c1104,c1183,49,66,625,0.241259
6_protected,c1104,c2124,23,66,1070,0.086549
6_protected,c1104,c2129,10,66,529,0.053518
6_protected,c1104,c2131,9,66,640,0.043791
6_protected,c1104,c2181,16,66,616,0.079352
6_protected,c1104,c2185,8,66,1584,0.024742
6_protected,c1104,c5154,16,66,1062,0.060435
6_protected,c1104,c6005,5,66,705,0.023179
6_protected,c1104,c6024,3,66,6,0.150756
6_protected,c1104,c6037,12,66,238,0.095746
6_protected,c1117,c1022,17,370,236,0.05753
6_protected,c1117,c1104,14,370,230,0.047991
6_protected,c1117,c1133,68,370,521,0.154878
6_protected,c1117,c1168,20,370,278,0.06236
6_protected,c1117,c1171,31,370,299,0.093202
6_protected,c1117,c1172,167,370,785,0.309871
6_protected,c1117,c1176,4,370,101,0.020692
6_protected,c1117,c1178,3,370,70,0.018641
6_protected,c1117,c1182,4,370,34,0.035663
6_protected,c1117,c1183,47,370,625,0.097737
6_protected,c1117,c2007,8,370,288,0.024507
6_protected,c1117,c2024,9,370,174,0.03547
6_protected,c1117,c2066,6,370,53,0.042846
6_protected,c1117,c2076,4,370,31,0.037349
6_protected,c1117,c2103,45,370,241,0.150696
6_protected,c1117,c2112,6,370,32,0.055141
6_protected,c1117,c2124,95,370,1070,0.150984
6_protected,c1117,c2129,6,370,529,0.013562
6_protected,c1117,c2131,22,370,640,0.04521
6_protected,c1117,c2181,28,370,616,0.05865
6_protected,c1117,c2184,55,370,641,0.112936
6_protected,c1117,c2185,106,370,1584,0.138461
6_protected,c1117,c4004,4,370,160,0.01644
6_protected,c1117,c4123,16,370,104,0.081565
6_protected,c1117,c5069,61,370,331,0.174307
6_protected,c1117,c5072,20,370,167,0.080458
6_protected,c1117,c5154,110,370,1062,0.175481
6_protected,c1117,c6005,79,370,705,0.154679
6_protected,c1117,c6037,41,370,238,0.138164
6_protected,c1126,c1133,3,3,521,0.075883
6_protected,c1126,c2181,3,3,616,0.069786
6_protected,c1131,c1172,3,4,785,0.053537
6_protected,c1131,c2185,3,4,1584,0.037689
6_protected,c1133,c1022,7,281,236,0.027182
6_protected,c1133,c1046,12,281,76,0.082115
6_protected,c1133,c1104,11,281,230,0.043269
6_protected,c1133,c1117,8,281,332,0.026192
6_protected,c1133,c1153,14,281,114,0.078221
6_protected,c1133,c1168,58,281,278,0.207516
6_protected,c1133,c1171,13,281,299,0.044849
6_protected,c1133,c1172,89,281,785,0.189497
6_protected,c1133,c1176,7,281,101,0.041551
6_protected,c1133,c1178,7,281,70,0.049911
6_protected,c1133,c1183,30,281,625,0.071586
6_protected,c1133,c2007,32,281,288,0.112487
6_protected,c1133,c2024,33,281,174,0.14924
6_protected,c1133,c2049,3,281,3,0.103325
6_protected,c1133,c2066,4,281,53,0.032777
6_protected,c1133,c2071,8,281,123,0.043031
6_protected,c1133,c2103,18,281,241,0.069169
6_protected,c1133,c2112,6,281,32,0.063274
6_protected,c1133,c2124,43,281,1070,0.078419
6_protected,c1133,c2129,13,281,529,0.033718
6_protected,c1133,c2131,20,281,640,0.047161
6_protected,c1133,c2181,55,281,616,0.132196
6_protected,c1133,c2184,40,281,641,0.094249
6_protected,c1133,c2185,144,281,1584,0.21584
6_protected,c1133,c4004,3,281,160,0.014148
6_protected,c1133,c4123,5,281,104,0.029248
6_protected,c1133,c5069,16,281,331,0.052463
6_protected,c1133,c5072,17,281,167,0.078476
6_protected,c1133,c5111,15,281,115,0.083443
6_protected,c1133,c5154,42,281,1062,0.076884
6_protected,c1133,c6005,45,281,705,0.101103
6_protected,c1133,c6037,11,281,238,0.042535
6_protected,c1143,c1172,3,13,785,0.029697
6_protected,c1143,c2124,6,13,1070,0.050873
6_protected,c1143,c2131,3,13,640,0.03289
6_protected,c1143,c2181,7,13,616,0.078223
6_protected,c1143,c2184,3,13,641,0.032864
6_protected,c1148,c2071,3,3,123,0.156174
6_protected,c1153,c1022,4,165,236,0.02027
6_protected,c1153,c1046,4,165,76,0.03572
6_protected,c1153,c1083,4,165,10,0.098473
6_protected,c1153,c1104,21,165,230,0.107799
6_protected,c1153,c1117,19,165,332,0.081179
6_protected,c1153,c1133,12,165,521,0.040928
6_protected,c1153,c1168,13,165,278,0.060699
6_protected,c1153,c1171,24,165,299,0.108052
6_protected,c1153,c1172,26,165,785,0.072243
6_protected,c1153,c1183,10,165,625,0.03114
6_protected,c1153,c2007,6,165,288,0.027524
6_protected,c1153,c2024,7,165,174,0.041312
6_protected,c1153,c2103,15,165,241,0.075221
6_protected,c1153,c2124,43,165,1070,0.102337
6_protected,c1153,c2129,16,165,529,0.054156
6_protected,c1153,c2131,31,165,640,0.095396
6_protected,c1153,c2181,16,165,616,0.050187
6_protected,c1153,c2184,30,165,641,0.092247
6_protected,c1153,c2185,76,165,1584,0.14866
6_protected,c1153,c4004,3,165,160,0.018464
6_protected,c1153,c5069,15,165,331,0.064185
6_protected,c1153,c5072,9,165,167,0.054218
6_protected,c1153,c5111,10,165,115,0.072595
6_protected,c1153,c5154,21,165,1062,0.050167
6_protected,c1153,c6005,40,165,705,0.11728
6_protected,c1153,c6037,5,165,238,0.025231
6_protected,c1162,c1153,5,25,114,0.093659
6_protected,c1162,c1172,7,25,785,0.049968
6_protected,c1162,c2024,9,25,174,0.136458
6_protected,c1162,c2071,4,25,123,0.072134
6_protected,c1162,c2181,4,25,616,0.032233
6_protected,c1162,c2184,3,25,641,0.023699
6_protected,c1162,c2185,17,25,1584,0.085428
6_protected,c1162,c5111,10,25,115,0.186501
6_protected,c1162,c6005,7,25,705,0.052727
6_protected,c1168,c1022,13,288,236,0.049864
6_protected,c1168,c1046,10,288,76,0.067592
6_protected,c1168,c1104,20,288,230,0.077709
6_protected,c1168,c1117,46,288,332,0.148762
6_protected,c1168,c1133,7,288,521,0.018071
6_protected,c1168,c1171,22,288,299,0.074971
6_protected,c1168,c1172,53,288,785,0.111467
6_protected,c1168,c1176,4,288,101,0.023453
6_protected,c1168,c1178,8,288,70,0.056344
6_protected,c1168,c1182,4,288,34,0.040423
6_protected,c1168,c1183,27,288,625,0.06364
6_protected,c1168,c2007,23,288,288,0.079861
6_protected,c1168,c2024,38,288,174,0.169751
6_protected,c1168,c2066,7,288,53,0.056658
6_protected,c1168,c2071,4,288,123,0.021253
6_protected,c1168,c2076,6,288,31,0.0635
6_protected,c1168,c2103,35,288,241,0.132851
6_protected,c1168,c2110,3,288,30,0.032275
6_protected,c1168,c2112,3,288,32,0.03125
6_protected,c1168,c2124,88,288,1070,0.158524
6_protected,c1168,c2129,30,288,529,0.076859
6_protected,c1168,c2131,39,288,640,0.09084
6_protected,c1168,c2181,22,288,616,0.052232
6_protected,c1168,c2184,36,288,641,0.083787
6_protected,c1168,c2185,155,288,1584,0.229487
6_protected,c1168,c4123,9,288,104,0.052003
6_protected,c1168,c5001,4,288,13,0.065372
6_protected,c1168,c5069,24,288,331,0.077732
6_protected,c1168,c5072,18,288,167,0.082076
6_protected,c1168,c5111,7,288,115,0.038464
6_protected,c1168,c5154,25,288,1062,0.045204
6_protected,c1168,c6005,56,288,705,0.124279
6_protected,c1168,c6037,8,288,238,0.030557
6_protected,c1171,c1022,11,242,236,0.046029
6_protected,c1171,c1104,29,242,230,0.122921
6_protected,c1171,c1133,6,242,521,0.016898
6_protected,c1171,c1153,26,242,114,0.156536
6_protected,c1171,c1172,28,242,785,0.064241
6_protected,c1171,c1176,18,242,101,0.115134
6_protected,c1171,c1183,61,242,625,0.156849
6_protected,c1171,c2001,5,242,42,0.049595
6_protected,c1171,c2007,19,242,288,0.07197
6_protected,c1171,c2071,34,242,123,0.197069
6_protected,c1171,c2112,3,242,32,0.034091
6_protected,c1171,c2124,24,242,1070,0.047164
6_protected,c1171,c2129,70,242,529,0.195642
6_protected,c1171,c2131,49,242,640,0.124508
6_protected,c1171,c2181,17,242,616,0.04403
6_protected,c1171,c2184,38,242,641,0.096482
6_protected,c1171,c2185,85,242,1584,0.137288
6_protected,c1171,c4004,24,242,160,0.121967
6_protected,c1171,c4123,3,242,104,0.01891
6_protected,c1171,c5069,6,242,331,0.0212
6_protected,c1171,c5072,3,242,167,0.014923
6_protected,c1171,c5154,127,242,1062,0.250515
6_protected,c1171,c6005,20,242,705,0.04842
6_protected,c1171,c6037,4,242,238,0.016667
6_protected,c1172,c1022,9,203,236,0.041119
6_protected,c1172,c1046,3,203,76,0.024153
6_protected,c1172,c1104,15,203,230,0.069419
6_protected,c1172,c1117,3,203,332,0.011556
6_protected,c1172,c1133,18,203,521,0.055348
6_protected,c1172,c1153,7,203,114,0.046015
6_protected,c1172,c1168,7,203,278,0.029466
6_protected,c1172,c1171,30,203,299,0.121769
6_protected,c1172,c1178,5,203,70,0.041944
6_protected,c1172,c1183,21,203,625,0.058956
6_protected,c1172,c2007,17,203,288,0.070308
6_protected,c1172,c2024,7,203,174,0.037246
6_protected,c1172,c2071,10,203,123,0.063285
6_protected,c1172,c2103,10,203,241,0.045211
6_protected,c1172,c2112,3,203,32,0.037222
6_protected,c1172,c2124,109,203,1070,0.233877
6_protected,c1172,c2129,66,203,529,0.201404
6_protected,c1172,c2131,79,203,640,0.219174
6_protected,c1172,c2181,24,203,616,0.067869
6_protected,c1172,c2184,28,203,641,0.077621
6_protected,c1172,c2185,66,203,1584,0.116391
6_protected,c1172,c4004,5,203,160,0.027744
6_protected,c1172,c4123,3,203,104,0.020647
6_protected,c1172,c5069,5,203,331,0.019289
6_protected,c1172,c5072,7,203,167,0.038018
6_protected,c1172,c5154,11,203,1062,0.023691
6_protected,c1172,c6005,14,203,705,0.037007
6_protected,c1172,c6037,18,203,238,0.081891
6_protected,c1176,c1022,8,204,236,0.03646
6_protected,c1176,c1046,16,204,76,0.128499
6_protected,c1176,c1117,12,204,332,0.04611
6_protected,c1176,c1133,38,204,521,0.11656
6_protected,c1176,c1153,14,204,114,0.091804
6_protected,c1176,c1168,20,204,278,0.083983
6_protected,c1176,c1172,41,204,785,0.102455
6_protected,c1176,c1178,7,204,70,0.058578
6_protected,c1176,c1183,21,204,625,0.058812
6_protected,c1176,c2007,34,204,288,0.140271
6_protected,c1176,c2024,4,204,174,0.021231
6_protected,c1176,c2071,12,204,123,0.075755
6_protected,c1176,c2103,9,204,241,0.04059
6_protected,c1176,c2124,47,204,1070,0.100598
6_protected,c1176,c2129,30,204,529,0.091323
6_protected,c1176,c2131,24,204,640,0.066421
6_protected,c1176,c2181,32,204,616,0.09027
6_protected,c1176,c2184,34,204,641,0.094023
6_protected,c1176,c2185,100,204,1584,0.175917
6_protected,c1176,c4004,8,204,160,0.044281
6_protected,c1176,c4123,3,204,104,0.020596
6_protected,c1176,c5069,3,204,331,0.011545
6_protected,c1176,c5111,5,204,115,0.032644
6_protected,c1176,c5154,34,204,1062,0.073047
6_protected,c1176,c6005,37,204,705,0.097565
6_protected,c1176,c6037,11,204,238,0.049922
6_protected,c1178,c1022,27,72,236,0.207129
6_protected,c1178,c1117,7,72,332,0.045275
6_protected,c1178,c1168,3,72,278,0.021205
6_protected,c1178,c1172,16,72,785,0.067301
6_protected,c1178,c1183,11,72,625,0.051854
6_protected,c1178,c2007,8,72,288,0.055556
6_protected,c1178,c2103,13,72,241,0.098689
6_protected,c1178,c2124,10,72,1070,0.036028
6_protected,c1178,c2131,6,72,640,0.027951
6_protected,c1178,c2181,17,72,616,0.080722
6_protected,c1178,c2184,8,72,641,0.037239
6_protected,c1178,c2185,13,72,1584,0.038495
6_protected,c1178,c4123,4,72,104,0.046225
6_protected,c1178,c5069,5,72,331,0.032388
6_protected,c1178,c5154,8,72,1062,0.028931
6_protected,c1178,c6005,42,72,705,0.186418
6_protected,c1178,c6037,9,72,238,0.068752
6_protected,c1182,c1117,4,16,332,0.054882
6_protected,c1182,c1133,4,16,521,0.043811
6_protected,c1182,c2024,4,16,174,0.07581
6_protected,c1182,c2103,3,16,241,0.048312
6_protected,c1182,c2184,5,16,641,0.049372
6_protected,c1182,c2185,5,16,1584,0.031407
6_protected,c1182,c6005,13,16,705,0.122402
6_protected,c1183,c1022,4,73,236,0.030475
6_protected,c1183,c1117,21,73,332,0.134893
6_protected,c1183,c1133,10,73,521,0.051277
6_protected,c1183,c1168,11,73,278,0.077216
6_protected,c1183,c1172,8,73,785,0.033419
6_protected,c1183,c2007,5,73,288,0.034484
6_protected,c1183,c2103,4,73,241,0.030157
6_protected,c1183,c2124,27,73,1070,0.096607
6_protected,c1183,c2129,17,73,529,0.086509
6_protected,c1183,c2131,17,73,640,0.07865
6_protected,c1183,c2181,9,73,616,0.042441
6_protected,c1183,c2184,11,73,641,0.050851
6_protected,c1183,c2185,22,73,1584,0.064697
6_protected,c1183,c5069,6,73,331,0.038599
6_protected,c1183,c5072,4,73,167,0.036228
6_protected,c1183,c5154,9,73,1062,0.032324
6_protected,c1183,c6005,23,73,705,0.101385
6_protected,c2001,c1133,5,17,521,0.053128
6_protected,c2001,c2124,4,17,1070,0.029658
6_protected,c2001,c2129,4,17,529,0.04218
6_protected,c2001,c2184,4,17,641,0.038318
6_protected,c2001,c2185,10,17,1584,0.060939
6_protected,c2001,c5069,6,17,331,0.079986
6_protected,c2001,c5154,5,17,1062,0.037212
6_protected,c2007,c1046,3,35,76,0.058168
6_protected,c2007,c1117,5,35,332,0.046384
6_protected,c2007,c1133,7,35,521,0.051838
6_protected,c2007,c1168,3,35,278,0.030413
6_protected,c2007,c1172,4,35,785,0.024132
6_protected,c2007,c1183,4,35,625,0.027045
6_protected,c2007,c2124,11,35,1070,0.056842
6_protected,c2007,c2129,9,35,529,0.066143
6_protected,c2007,c2131,5,35,640,0.033408
6_protected,c2007,c2181,7,35,616,0.047673
6_protected,c2007,c2184,3,35,641,0.020029
6_protected,c2007,c2185,12,35,1584,0.050965
6_protected,c2007,c5069,5,35,331,0.046454
6_protected,c2007,c5154,5,35,1062,0.025934
6_protected,c2007,c6005,7,35,705,0.044562
6_protected,c2007,c6037,7,35,238,0.076696
6_protected,c2024,c1022,15,113,236,0.091854
6_protected,c2024,c1117,12,113,332,0.061955
6_protected,c2024,c1168,12,113,278,0.067705
6_protected,c2024,c1171,6,113,299,0.032642
6_protected,c2024,c1172,6,113,785,0.020145
6_protected,c2024,c1183,26,113,625,0.097835
6_protected,c2024,c2007,7,113,288,0.038803
6_protected,c2024,c2103,5,113,241,0.030299
6_protected,c2024,c2124,46,113,1070,0.13229
6_protected,c2024,c2129,16,113,529,0.065441
6_protected,c2024,c2131,25,113,640,0.092963
6_protected,c2024,c2181,50,113,616,0.189514
6_protected,c2024,c2184,13,113,641,0.048303
6_protected,c2024,c2185,20,113,1584,0.047273
6_protected,c2024,c4004,6,113,160,0.044622
6_protected,c2024,c4123,12,113,104,0.110694
6_protected,c2024,c5069,3,113,331,0.015512
6_protected,c2024,c5072,3,113,167,0.021839
6_protected,c2024,c5154,27,113,1062,0.07794
6_protected,c2024,c6005,3,113,705,0.010629
6_protected,c2024,c6037,8,113,238,0.048782
6_protected,c2049,c1117,10,16,332,0.137205
6_protected,c2049,c2124,3,16,1070,0.022928
6_protected,c2049,c2131,3,16,640,0.029646
6_protected,c2049,c2181,3,16,616,0.030218
6_protected,c2049,c5069,10,16,331,0.137412
6_protected,c2049,c5154,4,16,1062,0.030686
6_protected,c2049,c6005,6,16,705,0.056493
6_protected,c2066,c1022,5,78,236,0.036852
6_protected,c2066,c1104,3,78,230,0.022398
6_protected,c2066,c1168,4,78,278,0.027164
6_protected,c2066,c1172,16,78,785,0.06466
6_protected,c2066,c1176,4,78,101,0.045066
6_protected,c2066,c1183,29,78,625,0.131344
6_protected,c2066,c2024,3,78,174,0.025751
6_protected,c2066,c2071,3,78,123,0.030628
6_protected,c2066,c2124,27,78,1070,0.09346
6_protected,c2066,c2129,7,78,529,0.034461
6_protected,c2066,c2181,12,78,616,0.054745
6_protected,c2066,c2184,18,78,641,0.0805
6_protected,c2066,c2185,12,78,1584,0.034139
6_protected,c2066,c4004,3,78,160,0.026854
6_protected,c2066,c4123,7,78,104,0.07772
6_protected,c2066,c5111,5,78,115,0.052793
6_protected,c2066,c5154,37,78,1062,0.128556
6_protected,c2066,c6005,14,78,705,0.059702
6_protected,c2066,c6037,6,78,238,0.044037
6_protected,c2070,c1172,3,5,785,0.047885
6_protected,c2070,c2131,4,5,640,0.070711
6_protected,c2071,c1022,4,157,236,0.02078
6_protected,c2071,c1104,16,157,230,0.084199
6_protected,c2071,c1117,59,157,332,0.258424
6_protected,c2071,c1133,8,157,521,0.027972
6_protected,c2071,c1153,14,157,114,0.104647
6_protected,c2071,c1168,6,157,278,0.02872
6_protected,c2071,c1171,6,157,299,0.027693
6_protected,c2071,c1172,4,157,785,0.011394
6_protected,c2071,c1176,3,157,101,0.023824
6_protected,c2071,c1183,28,157,625,0.089386
6_protected,c2071,c2001,6,157,42,0.073888
6_protected,c2071,c2007,9,157,288,0.042325
6_protected,c2071,c2124,22,157,1070,0.053676
6_protected,c2071,c2129,30,157,529,0.104098
6_protected,c2071,c2131,45,157,640,0.141962
6_protected,c2071,c2181,43,157,616,0.13827
6_protected,c2071,c2184,11,157,641,0.034675
6_protected,c2071,c2185,44,157,1584,0.088232
6_protected,c2071,c4004,12,157,160,0.075713
6_protected,c2071,c5069,5,157,331,0.021933
6_protected,c2071,c5154,45,157,1062,0.110205
6_protected,c2071,c6005,33,157,705,0.09919
6_protected,c2071,c6037,8,157,238,0.041386
6_protected,c2076,c1133,13,34,521,0.097675
6_protected,c2076,c1172,4,34,785,0.024484
6_protected,c2076,c1183,4,34,625,0.02744
6_protected,c2076,c2124,5,34,1070,0.026214
6_protected,c2076,c2129,3,34,529,0.022369
6_protected,c2076,c2131,4,34,640,0.027116
6_protected,c2076,c2181,5,34,616,0.034549
6_protected,c2076,c2184,3,34,641,0.020321
6_protected,c2076,c2185,11,34,1584,0.0474
6_protected,c2076,c5069,7,34,331,0.065985
6_protected,c2076,c5111,9,34,115,0.143931
6_protected,c2076,c5154,10,34,1062,0.052626
6_protected,c2076,c6005,6,34,705,0.038754
6_protected,c2076,c6037,3,34,238,0.03335
6_protected,c2079,c1117,3,6,332,0.067217
6_protected,c2079,c6005,3,6,705,0.046127
6_protected,c2103,c1022,25,238,236,0.105486
6_protected,c2103,c1046,4,238,76,0.029742
6_protected,c2103,c1104,6,238,230,0.025645
6_protected,c2103,c1117,7,238,332,0.024902
6_protected,c2103,c1133,5,238,521,0.014199
6_protected,c2103,c1168,4,238,278,0.015551
6_protected,c2103,c1171,28,238,299,0.104962
6_protected,c2103,c1172,50,238,785,0.115677
6_protected,c2103,c1176,4,238,101,0.025799
6_protected,c2103,c1183,55,238,625,0.142605
6_protected,c2103,c2001,6,238,42,0.060012
6_protected,c2103,c2007,17,238,288,0.064933
6_protected,c2103,c2024,4,238,174,0.019656
6_protected,c2103,c2071,5,238,123,0.029223
6_protected,c2103,c2110,4,238,30,0.047338
6_protected,c2103,c2124,41,238,1070,0.081246
6_protected,c2103,c2129,64,238,529,0.18037
6_protected,c2103,c2131,62,238,640,0.15886
6_protected,c2103,c2181,20,238,616,0.052234
6_protected,c2103,c2184,40,238,641,0.10241
6_protected,c2103,c2185,71,238,1584,0.115636
6_protected,c2103,c4004,22,238,160,0.112739
6_protected,c2103,c4123,4,238,104,0.025425
6_protected,c2103,c5069,7,238,331,0.02494
6_protected,c2103,c5072,4,238,167,0.020064
6_protected,c2103,c5154,113,238,1062,0.224764
6_protected,c2103,c6005,18,238,705,0.043943
6_protected,c2103,c6037,11,238,238,0.046218
6_protected,c2110,c1104,4,21,230,0.057555
6_protected,c2110,c1172,10,21,785,0.077885
6_protected,c2110,c2024,3,21,174,0.049629
6_protected,c2110,c2124,6,21,1070,0.040027
6_protected,c2110,c2129,5,21,529,0.047439
6_protected,c2110,c2131,3,21,640,0.025877
6_protected,c2110,c2184,7,21,641,0.060334
6_protected,c2110,c2185,8,21,1584,0.043863
6_protected,c2110,c5154,7,21,1062,0.046873
6_protected,c2112,c1117,5,34,332,0.047061
6_protected,c2112,c1133,13,34,521,0.097675
6_protected,c2112,c1171,3,34,299,0.029754
6_protected,c2112,c1183,3,34,625,0.02058
6_protected,c2112,c2103,5,34,241,0.055236
6_protected,c2112,c2124,12,34,1070,0.062914
6_protected,c2112,c2129,7,34,529,0.052195
6_protected,c2112,c2131,6,34,640,0.040674
6_protected,c2112,c2181,11,34,616,0.076009
6_protected,c2112,c2185,3,34,1584,0.012927
6_protected,c2112,c4004,4,34,160,0.054233
6_protected,c2112,c5154,11,34,1062,0.057888
6_protected,c2113,c1133,9,30,521,0.071988
6_protected,c2113,c1172,4,30,785,0.026065
6_protected,c2113,c1178,11,30,70,0.24004
6_protected,c2113,c1183,3,30,625,0.021909
6_protected,c2113,c2024,5,30,174,0.069205
6_protected,c2113,c2124,3,30,1070,0.016744
6_protected,c2113,c2181,3,30,616,0.022068
6_protected,c2113,c2184,4,30,641,0.028845
6_protected,c2113,c2185,12,30,1584,0.055048
6_protected,c2113,c5149,3,30,4,0.273861
6_protected,c2113,c5154,6,30,1062,0.033615
6_protected,c2113,c6005,6,30,705,0.041257
6_protected,c2124,c1022,6,76,236,0.044801
6_protected,c2124,c1046,3,76,76,0.039474
6_protected,c2124,c1104,6,76,230,0.045382
6_protected,c2124,c1133,41,76,521,0.206043
6_protected,c2124,c1168,24,76,278,0.165113
6_protected,c2124,c1171,3,76,299,0.019901
6_protected,c2124,c1172,7,76,785,0.028659
6_protected,c2124,c1178,4,76,70,0.054841
6_protected,c2124,c2007,6,76,288,0.040555
6_protected,c2124,c2103,5,76,241,0.036945
6_protected,c2124,c2181,19,76,616,0.087813
6_protected,c2124,c2184,10,76,641,0.045307
6_protected,c2124,c2185,23,76,1584,0.066289
6_protected,c2124,c5069,3,76,331,0.018915
6_protected,c2124,c5072,9,76,167,0.079887
6_protected,c2124,c5154,7,76,1062,0.024639
6_protected,c2124,c6005,37,76,705,0.159845
6_protected,c2124,c6037,4,76,238,0.029742
6_protected,c2125,c1183,3,10,625,0.037947
6_protected,c2125,c2181,3,10,616,0.038224
6_protected,c2125,c2184,3,10,641,0.037471
6_protected,c2125,c2185,5,10,1584,0.039728
6_protected,c2126,c2103,3,6,241,0.078893
6_protected,c2129,c1022,25,289,236,0.095727
6_protected,c2129,c1046,5,289,76,0.033738
6_protected,c2129,c1104,18,289,230,0.069817
6_protected,c2129,c1117,14,289,332,0.045197
6_protected,c2129,c1133,13,289,521,0.033502
6_protected,c2129,c1168,10,289,278,0.03528
6_protected,c2129,c1171,12,289,299,0.040822
6_protected,c2129,c1172,102,289,785,0.214149
6_protected,c2129,c1176,7,289,101,0.040972
6_protected,c2129,c1183,54,289,625,0.127059
6_protected,c2129,c2001,5,289,42,0.045383
6_protected,c2129,c2007,25,289,288,0.086655
6_protected,c2129,c2024,5,289,174,0.022297
6_protected,c2129,c2066,18,289,53,0.145441
6_protected,c2129,c2103,13,289,241,0.049259
6_protected,c2129,c2110,3,289,30,0.032219
6_protected,c2129,c2124,32,289,1070,0.057545
6_protected,c2129,c2131,11,289,640,0.025577
6_protected,c2129,c2181,4,289,616,0.00948
6_protected,c2129,c2184,78,289,641,0.181224
6_protected,c2129,c2185,161,289,1584,0.237957
6_protected,c2129,c4004,10,289,160,0.046504
6_protected,c2129,c5069,26,289,331,0.084064
6_protected,c2129,c5072,17,289,167,0.077382
6_protected,c2129,c5111,14,289,115,0.076795
6_protected,c2129,c5154,131,289,1062,0.236461
6_protected,c2129,c6005,34,289,705,0.075324
6_protected,c2129,c6037,9,289,238,0.034317
6_protected,c2131,c1022,7,61,236,0.058341
6_protected,c2131,c1104,9,61,230,0.075983
6_protected,c2131,c1117,7,61,332,0.049189
6_protected,c2131,c1133,6,61,521,0.033656
6_protected,c2131,c1168,4,61,278,0.030717
6_protected,c2131,c1171,3,61,299,0.022214
6_protected,c2131,c1172,19,61,785,0.086827
6_protected,c2131,c1183,9,61,625,0.046093
6_protected,c2131,c2103,3,61,241,0.024743
6_protected,c2131,c2124,13,61,1070,0.050885
6_protected,c2131,c2129,4,61,529,0.022267
6_protected,c2131,c2181,10,61,616,0.051588
6_protected,c2131,c2184,6,61,641,0.030343
6_protected,c2131,c2185,27,61,1584,0.08686
6_protected,c2131,c4004,5,61,160,0.050611
6_protected,c2131,c5069,3,61,331,0.021113
6_protected,c2131,c5072,5,61,167,0.049539
6_protected,c2131,c5154,18,61,1062,0.070721
6_protected,c2131,c6005,7,61,705,0.033755
6_protected,c2131,c6037,7,61,238,0.058096
6_protected,c2184,c1022,3,56,236,0.026096
6_protected,c2184,c1104,5,56,230,0.044057
6_protected,c2184,c1117,5,56,332,0.03667
6_protected,c2184,c1133,4,56,521,0.023418
6_protected,c2184,c1172,3,56,785,0.014308
6_protected,c2184,c1183,6,56,625,0.032071
6_protected,c2184,c2007,3,56,288,0.023623
6_protected,c2184,c2124,9,56,1070,0.036767
6_protected,c2184,c2129,21,56,529,0.122011
6_protected,c2184,c2131,25,56,640,0.132055
6_protected,c2184,c2181,10,56,616,0.053841
6_protected,c2184,c2185,19,56,1584,0.063794
6_protected,c2184,c4004,8,56,160,0.084515
6_protected,c2184,c5069,8,56,331,0.05876
6_protected,c2184,c5154,18,56,1062,0.07381
6_protected,c2184,c6005,11,56,705,0.055361
6_protected,c2185,c1022,5,37,236,0.053507
6_protected,c2185,c1117,4,37,332,0.03609
6_protected,c2185,c1168,3,37,278,0.02958
6_protected,c2185,c1171,8,37,299,0.07606
6_protected,c2185,c1172,3,37,785,0.017603
6_protected,c2185,c2071,3,37,123,0.04447
6_protected,c2185,c2103,4,37,241,0.042359
6_protected,c2185,c2124,14,37,1070,0.070362
6_protected,c2185,c2129,8,37,529,0.057182
6_protected,c2185,c2131,9,37,640,0.058486
6_protected,c2185,c2181,4,37,616,0.026495
6_protected,c2185,c2184,7,37,641,0.045454
6_protected,c2185,c4004,6,37,160,0.077981
6_protected,c2185,c5154,16,37,1062,0.080715
6_protected,c2185,c6005,4,37,705,0.024766
6_protected,c4004,c1117,5,65,332,0.034036
6_protected,c4004,c1153,4,65,114,0.046468
6_protected,c4004,c1171,19,65,299,0.136289
6_protected,c4004,c1176,3,65,101,0.037026
6_protected,c4004,c1183,9,65,625,0.044653
6_protected,c4004,c2103,7,65,241,0.055928
6_protected,c4004,c2124,48,65,1070,0.182009
6_protected,c4004,c2129,5,65,529,0.026964
6_protected,c4004,c2131,41,65,640,0.201019
6_protected,c4004,c2184,7,65,641,0.034294
6_protected,c4004,c2185,19,65,1584,0.059213
6_protected,c4004,c4123,3,65,104,0.036488
6_protected,c4004,c5069,3,65,331,0.020453
6_protected,c4004,c5154,10,65,1062,0.038061
6_protected,c4123,c1022,4,75,236,0.030066
6_protected,c4123,c1046,3,75,76,0.039736
6_protected,c4123,c1117,3,75,332,0.019012
6_protected,c4123,c1133,35,75,521,0.177059
6_protected,c4123,c1168,4,75,278,0.027702
6_protected,c4123,c1172,5,75,785,0.020607
6_protected,c4123,c1178,3,75,70,0.041404
6_protected,c4123,c1183,5,75,625,0.023094
6_protected,c4123,c2007,6,75,288,0.040825
6_protected,c4123,c2024,9,75,174,0.078784
6_protected,c4123,c2103,4,75,241,0.029752
6_protected,c4123,c2110,5,75,30,0.105409
6_protected,c4123,c2124,10,75,1070,0.0353
6_protected,c4123,c2131,3,75,640,0.013693
6_protected,c4123,c2181,6,75,616,0.027915
6_protected,c4123,c2184,6,75,641,0.027365
6_protected,c4123,c2185,45,75,1584,0.130558
6_protected,c4123,c5069,13,75,331,0.082509
6_protected,c4123,c5072,13,75,167,0.116159
6_protected,c4123,c5111,5,75,115,0.053838
6_protected,c4123,c5154,7,75,1062,0.024803
6_protected,c4123,c6005,22,75,705,0.095675
6_protected,c5069,c1022,4,188,236,0.01899
6_protected,c5069,c1104,9,188,230,0.043281
6_protected,c5069,c1117,3,188,332,0.012008
6_protected,c5069,c1133,5,188,521,0.015976
6_protected,c5069,c1153,6,188,114,0.040985
6_protected,c5069,c1168,9,188,278,0.039368
6_protected,c5069,c1171,53,188,299,0.223543
6_protected,c5069,c1172,33,188,785,0.085901
6_protected,c5069,c1176,5,188,101,0.036285
6_protected,c5069,c1182,3,188,34,0.037523
6_protected,c5069,c1183,44,188,625,0.128361
6_protected,c5069,c2007,10,188,288,0.042976
6_protected,c5069,c2071,3,188,123,0.019728
6_protected,c5069,c2103,16,188,241,0.075168
6_protected,c5069,c2124,84,188,1070,0.187287
6_protected,c5069,c2129,21,188,529,0.066591
6_protected,c5069,c2131,24,188,640,0.06919
6_protected,c5069,c2181,20,188,616,0.058771
6_protected,c5069,c2184,30,188,641,0.08642
6_protected,c5069,c2185,37,188,1584,0.067802
6_protected,c5069,c4004,10,188,160,0.057658
6_protected,c5069,c5001,6,188,13,0.121367
6_protected,c5069,c5154,76,188,1062,0.170088
6_protected,c5069,c6005,9,188,705,0.024721
6_protected,c5069,c6037,24,188,238,0.11346
6_protected,c5072,c1117,4,21,332,0.047905
6_protected,c5072,c1172,3,21,785,0.023366
6_protected,c5072,c1176,4,21,101,0.086854
6_protected,c5072,c2071,7,21,123,0.137732
6_protected,c5072,c2124,8,21,1070,0.053369
6_protected,c5072,c2181,7,21,616,0.061546
6_protected,c5072,c2185,4,21,1584,0.021932
6_protected,c5072,c5154,6,21,1062,0.040177
6_protected,c5111,c1022,6,100,236,0.039057
6_protected,c5111,c1117,3,100,332,0.016465
6_protected,c5111,c1133,43,100,521,0.188386
6_protected,c5111,c1168,3,100,278,0.017993
6_protected,c5111,c1172,11,100,785,0.039261
6_protected,c5111,c1178,3,100,70,0.035857
6_protected,c5111,c1182,5,100,34,0.085749
6_protected,c5111,c1183,9,100,625,0.036
6_protected,c5111,c2007,4,100,288,0.02357
6_protected,c5111,c2024,6,100,174,0.045486
6_protected,c5111,c2124,30,100,1070,0.091713
6_protected,c5111,c2129,8,100,529,0.034783
6_protected,c5111,c2131,9,100,640,0.035576
6_protected,c5111,c2181,40,100,616,0.161165
6_protected,c5111,c2184,8,100,641,0.031598
6_protected,c5111,c2185,33,100,1584,0.082916
6_protected,c5111,c4123,7,100,104,0.068641
6_protected,c5111,c5069,27,100,331,0.148405
6_protected,c5111,c5072,5,100,167,0.038691
6_protected,c5111,c5154,3,100,1062,0.009206
6_protected,c5111,c6005,20,100,705,0.075324
6_protected,c5111,c6037,4,100,238,0.025928
6_protected,c5149,c1171,6,10,299,0.109728
6_protected,c5149,c2124,6,10,1070,0.058004
6_protected,c5149,c2181,8,10,616,0.101929
6_protected,c5154,c1133,4,6,521,0.071543
6_protected,c5154,c2181,3,6,616,0.049346
6_protected,c5154,c2185,3,6,1584,0.030773
6_protected,c5175,c1153,9,10,114,0.266557
6_protected,c5175,c1183,4,10,625,0.050596
6_protected,c5175,c2071,7,10,123,0.199593
6_protected,c5175,c5154,6,10,1062,0.058222
6_protected,c6005,c1104,3,14,230,0.052868
6_protected,c6005,c1117,3,14,332,0.044004
6_protected,c6005,c1133,4,14,521,0.046836
6_protected,c6005,c1172,3,14,785,0.028617
6_protected,c6005,c1183,3,14,625,0.032071
6_protected,c6005,c2124,4,14,1070,0.032682
6_protected,c6005,c2131,3,14,640,0.031693
6_protected,c6005,c2185,6,14,1584,0.040291
6_protected,c6005,c5154,3,14,1062,0.024603
6_protected,c6017,c1133,39,39,521,0.273598
6_protected,c6017,c2124,7,39,1070,0.034267
6_protected,c6017,c2181,9,39,616,0.058066
6_protected,c6017,c2185,22,39,1584,0.088514
6_protected,c6017,c5069,19,39,331,0.167227
6_protected,c6017,c5072,5,39,167,0.061955
6_protected,c6017,c5154,5,39,1062,0.024568
6_protected,c6024,c1133,11,27,521,0.092745
6_protected,c6024,c1168,5,27,278,0.057712
6_protected,c6024,c1172,3,27,785,0.020607
6_protected,c6024,c1178,7,27,70,0.161015
6_protected,c6024,c2103,3,27,241,0.03719
6_protected,c6024,c2124,10,27,1070,0.058834
6_protected,c6024,c2129,5,27,529,0.041837
6_protected,c6024,c2131,4,27,640,0.030429
6_protected,c6024,c2184,3,27,641,0.022804
6_protected,c6024,c2185,11,27,1584,0.05319
6_protected,c6024,c5154,5,27,1062,0.029527
6_protected,c6037,c1022,9,107,236,0.056636
6_protected,c6037,c1104,10,107,230,0.063745
6_protected,c6037,c1117,3,107,332,0.015917
6_protected,c6037,c1133,14,107,521,0.059295
6_protected,c6037,c1168,11,107,278,0.063779
6_protected,c6037,c1171,11,107,299,0.061499
6_protected,c6037,c1172,5,107,785,0.017252
6_protected,c6037,c1178,3,107,70,0.034664
6_protected,c6037,c1183,14,107,625,0.054137
6_protected,c6037,c2007,10,107,288,0.056965
6_protected,c6037,c2024,6,107,174,0.043973
6_protected,c6037,c2103,3,107,241,0.018682
6_protected,c6037,c2124,32,107,1070,0.094573
6_protected,c6037,c2129,9,107,529,0.037829
6_protected,c6037,c2131,7,107,640,0.02675
6_protected,c6037,c2184,47,107,641,0.179464
6_protected,c6037,c2185,83,107,1584,0.201608
6_protected,c6037,c5111,6,107,115,0.054089
6_protected,c6037,c5154,9,107,1062,0.026699
6_protected,c6037,c6005,9,107,705,0.032768
6_protected,c6050,c1172,3,11,785,0.032284
6_protected,c6050,c2124,5,11,1070,0.046087
6_protected,c6050,c2181,5,11,616,0.060741
6_protected,c6050,c2184,6,11,641,0.071454
6_protected,c6050,c6005,3,11,705,0.034067
7,c1007,c1168,3,11,278,0.05425
7,c1007,c2124,5,11,1070,0.046087
7,c1007,c2184,3,11,641,0.035727
7,c1007,c2185,7,11,1584,0.05303
7,c1022,c1046,13,310,76,0.084695
7,c1022,c1104,13,310,230,0.048685
7,c1022,c1117,21,310,332,0.065459
7,c1022,c1133,48,310,521,0.119438
7,c1022,c1153,22,310,114,0.117028
7,c1022,c1168,20,310,278,0.068128
7,c1022,c1171,23,310,299,0.075546
7,c1022,c1172,41,310,785,0.083113
7,c1022,c1176,12,310,101,0.067817
7,c1022,c1182,3,310,34,0.029221
7,c1022,c1183,42,310,625,0.095418
7,c1022,c2007,54,310,288,0.180724
7,c1022,c2066,4,310,53,0.031206
7,c1022,c2071,14,310,123,0.071696
7,c1022,c2103,13,310,241,0.047561
7,c1022,c2124,90,310,1070,0.156268
7,c1022,c2129,53,310,529,0.130878
7,c1022,c2131,49,310,640,0.110008
7,c1022,c2181,57,310,616,0.130438
7,c1022,c2184,29,310,641,0.065056
7,c1022,c2185,96,310,1584,0.136998
7,c1022,c4004,14,310,160,0.062862
7,c1022,c4123,6,310,104,0.033416
7,c1022,c5069,19,310,331,0.059314
7,c1022,c5072,10,310,167,0.04395
7,c1022,c5111,7,310,115,0.037074
7,c1022,c5154,70,310,1062,0.121999
7,c1022,c6005,53,310,705,0.113371
7,c1022,c6037,24,310,238,0.088357
7,c1034,c1183,4,13,625,0.044376
7,c1034,c2124,6,13,1070,0.050873
7,c1034,c2181,8,13,616,0.089398
7,c1034,c4123,3,13,104,0.081589
7,c1034,c5154,8,13,1062,0.068086
7,c1034,c6037,4,13,238,0.071912
7,c1046,c1022,3,44,236,0.02944
7,c1046,c1104,3,44,230,0.029822
7,c1046,c1171,6,44,299,0.052311
7,c1046,c1172,4,44,785,0.021523
7,c1046,c1183,10,44,625,0.060302
7,c1046,c2124,11,44,1070,0.050696
7,c1046,c2129,19,44,529,0.124537
7,c1046,c2131,23,44,640,0.13706
7,c1046,c2181,3,44,616,0.018222
7,c1046,c2184,8,44,641,0.047636
7,c1046,c2185,4,44,1584,0.015152
7,c1046,c4004,4,44,160,0.047673
7,c1046,c5154,22,44,1062,0.101773
7,c1046,c6005,5,44,705,0.028389
7,c1083,c1176,4,4,101,0.199007
7,c1083,c2124,4,4,1070,0.061142
7,c1091,c1172,5,8,785,0.063094
7,c1091,c2024,5,8,174,0.134014
7,c1091,c2185,4,8,1584,0.035533
7,c1091,c6005,4,8,705,0.053262
7,c1103,c1133,13,14,521,0.152216
7,c1103,c2181,5,14,616,0.053841
7,c1103,c2185,6,14,1584,0.040291
7,c1103,c5069,9,14,331,0.13221
7,c1104,c1172,4,16,785,0.035692
7,c1104,c1176,4,16,101,0.099504
7,c1104,c1183,10,16,625,0.1
7,c1104,c2181,5,16,616,0.050364
7,c1104,c2184,7,16,641,0.069121
7,c1104,c2185,6,16,1584,0.037689
7,c1104,c4123,4,16,104,0.098058
7,c1109,c2124,7,8,1070,0.075659
7,c1109,c2129,6,8,529,0.092231
7,c1109,c2131,5,8,640,0.069877
7,c1112,c1133,7,9,521,0.102225
7,c1112,c2181,4,9,616,0.053722
7,c1112,c5069,5,9,331,0.091608
7,c1117,c1022,8,155,236,0.041828
7,c1117,c1104,8,155,230,0.04237
7,c1117,c1133,36,155,521,0.126683
7,c1117,c1168,8,155,278,0.038539
7,c1117,c1171,21,155,299,0.097548
7,c1117,c1172,42,155,785,0.120406
7,c1117,c1178,5,155,70,0.048002
7,c1117,c1183,24,155,625,0.077109
7,c1117,c2007,5,155,288,0.023665
7,c1117,c2024,4,155,174,0.024357
7,c1117,c2103,19,155,241,0.098306
7,c1117,c2124,42,155,1070,0.103132
7,c1117,c2129,10,155,529,0.034923
7,c1117,c2131,17,155,640,0.053975
7,c1117,c2181,12,155,616,0.038835
7,c1117,c2184,27,155,641,0.085658
7,c1117,c2185,57,155,1584,0.115035
7,c1117,c4004,7,155,160,0.04445
7,c1117,c5001,3,155,13,0.066832
7,c1117,c5069,11,155,331,0.048564
7,c1117,c5072,9,155,167,0.055939
7,c1117,c5154,39,155,1062,0.096125
7,c1117,c6005,23,155,705,0.069577
7,c1117,c6037,14,155,238,0.072891
7,c1129,c1171,3,3,299,0.100167
7,c1133,c1022,3,36,236,0.032547
7,c1133,c1046,3,36,76,0.057354
7,c1133,c1168,8,36,278,0.079968
7,c1133,c1171,7,36,299,0.06747
7,c1133,c1172,5,36,785,0.029743
7,c1133,c1183,3,36,625,0.02
7,c1133,c2007,7,36,288,0.068746
7,c1133,c2103,3,36,241,0.032208
7,c1133,c2124,9,36,1070,0.045856
7,c1133,c2181,5,36,616,0.033576
7,c1133,c2185,15,36,1584,0.062815
7,c1133,c5072,3,36,167,0.038691
7,c1133,c5154,6,36,1062,0.030686
7,c1133,c6005,8,36,705,0.050216
7,c1133,c6037,6,36,238,0.06482
7,c1143,c1117,3,31,332,0.029571
7,c1143,c1171,5,31,299,0.051934
7,c1143,c1172,11,31,785,0.070514
7,c1143,c2124,12,31,1070,0.065888
7,c1143,c2129,9,31,529,0.07028
7,c1143,c2131,11,31,640,0.078095
7,c1143,c2181,3,31,616,0.02171
7,c1143,c2184,8,31,641,0.056752
7,c1143,c2185,5,31,1584,0.022564
7,c1143,c5154,11,31,1062,0.060625
7,c1150,c1172,4,14,785,0.038156
7,c1150,c2024,10,14,174,0.20261
7,c1150,c2185,9,14,1584,0.060437
7,c1150,c6005,11,14,705,0.110722
7,c1153,c1104,4,58,230,0.034632
7,c1153,c1117,4,58,332,0.028826
7,c1153,c1133,5,58,521,0.028763
7,c1153,c1171,6,58,299,0.045562
7,c1153,c1172,14,58,785,0.065611
7,c1153,c1183,9,58,625,0.04727
7,c1153,c2103,7,58,241,0.059207
7,c1153,c2124,18,58,1070,0.072255
7,c1153,c2129,5,58,529,0.028545
7,c1153,c2131,16,58,640,0.083045
7,c1153,c2181,4,58,616,0.021162
7,c1153,c2184,11,58,641,0.057049
7,c1153,c2185,26,58,1584,0.085779
7,c1153,c5072,4,58,167,0.040643
7,c1153,c5154,18,58,1062,0.072526
7,c1153,c6005,10,58,705,0.049453
7,c1162,c1153,5,22,114,0.09984
7,c1162,c1172,12,22,785,0.091314
7,c1162,c2024,6,22,174,0.096976
7,c1162,c2071,5,22,123,0.096118
7,c1162,c2124,4,22,1070,0.026071
7,c1162,c2181,3,22,616,0.02577
7,c1162,c2184,3,22,641,0.025263
7,c1162,c2185,6,22,1584,0.032141
7,c1162,c5111,3,22,115,0.059643
7,c1162,c6005,10,22,705,0.080296
7,c1168,c1022,20,163,236,0.101972
7,c1168,c1104,7,163,230,0.036153
7,c1168,c1117,19,163,332,0.081675
7,c1168,c1133,4,163,521,0.013726
7,c1168,c1171,14,163,299,0.063416
7,c1168,c1172,50,163,785,0.139779
7,c1168,c1183,14,163,625,0.043863
7,c1168,c2007,10,163,288,0.046154
7,c1168,c2024,6,163,174,0.035627
7,c1168,c2066,4,163,53,0.043036
7,c1168,c2103,15,163,241,0.075681
7,c1168,c2124,33,163,1070,0.079018
7,c1168,c2129,15,163,529,0.051082
7,c1168,c2131,11,163,640,0.034057
7,c1168,c2181,24,163,616,0.07574
7,c1168,c2184,38,163,641,0.11756
7,c1168,c2185,63,163,1584,0.123985
7,c1168,c4004,6,163,160,0.037153
7,c1168,c4123,7,163,104,0.053764
7,c1168,c5069,19,163,331,0.081799
7,c1168,c5072,7,163,167,0.042427
7,c1168,c5111,11,163,115,0.080343
7,c1168,c5154,27,163,1062,0.064894
7,c1168,c6005,50,163,705,0.147496
7,c1168,c6037,7,163,238,0.03554
7,c1171,c1104,6,64,230,0.049454
7,c1171,c1117,3,64,332,0.020581
7,c1171,c1153,6,64,114,0.070244
7,c1171,c1168,4,64,278,0.029988
7,c1171,c1172,10,64,785,0.044614
7,c1171,c1176,4,64,101,0.049752
7,c1171,c1183,15,64,625,0.075
7,c1171,c2007,9,64,288,0.066291
7,c1171,c2071,9,64,123,0.101438
7,c1171,c2112,3,64,32,0.066291
7,c1171,c2124,7,64,1070,0.02675
7,c1171,c2129,12,64,529,0.065217
7,c1171,c2131,11,64,640,0.054352
7,c1171,c2181,6,64,616,0.030218
7,c1171,c2184,13,64,641,0.064184
7,c1171,c2185,26,64,1584,0.081659
7,c1171,c4004,4,64,160,0.039528
7,c1171,c5069,7,64,331,0.048094
7,c1171,c5154,21,64,1062,0.08055
7,c1171,c6005,7,64,705,0.032954
7,c1171,c6037,3,64,238,0.024308
7,c1172,c1022,7,116,236,0.042307
7,c1172,c1104,10,116,230,0.061222
7,c1172,c1133,22,116,521,0.08949
7,c1172,c1168,6,116,278,0.033412
7,c1172,c1171,8,116,299,0.042956
7,c1172,c1178,5,116,70,0.055487
7,c1172,c1183,20,116,625,0.074278
7,c1172,c2007,8,116,288,0.043769
7,c1172,c2024,6,116,174,0.042233
7,c1172,c2103,9,116,241,0.053828
7,c1172,c2124,43,116,1070,0.122053
7,c1172,c2129,16,116,529,0.06459
7,c1172,c2131,23,116,640,0.084413
7,c1172,c2181,18,116,616,0.067337
7,c1172,c2184,24,116,641,0.088014
7,c1172,c2185,53,116,1584,0.123643
7,c1172,c4004,5,116,160,0.036701
7,c1172,c4123,7,116,104,0.063731
7,c1172,c5069,8,116,331,0.040827
7,c1172,c5072,9,116,167,0.064663
7,c1172,c5154,8,116,1062,0.022793
7,c1172,c6005,13,116,705,0.045459
7,c1172,c6037,4,116,238,0.024074
7,c1176,c1022,10,206,236,0.045353
7,c1176,c1046,6,206,76,0.047952
7,c1176,c1117,11,206,332,0.042062
7,c1176,c1133,27,206,521,0.082416
7,c1176,c1153,7,206,114,0.045679
7,c1176,c1168,22,206,278,0.091932
7,c1176,c1172,47,206,785,0.116877
7,c1176,c1182,3,206,34,0.035847
7,c1176,c1183,40,206,625,0.111477
7,c1176,c2007,18,206,288,0.0739
7,c1176,c2009,3,206,4,0.10451
7,c1176,c2024,8,206,174,0.042255
7,c1176,c2071,6,206,123,0.037693
7,c1176,c2103,21,206,241,0.094249
7,c1176,c2110,3,206,30,0.038162
7,c1176,c2124,49,206,1070,0.104369
7,c1176,c2129,18,206,529,0.054527
7,c1176,c2131,28,206,640,0.077114
7,c1176,c2181,33,206,616,0.092638
7,c1176,c2184,34,206,641,0.093566
7,c1176,c2185,88,206,1584,0.154053
7,c1176,c4123,5,206,104,0.03416
7,c1176,c5069,9,206,331,0.034466
7,c1176,c5072,3,206,167,0.016174
7,c1176,c5111,13,206,115,0.084462
7,c1176,c5154,41,206,1062,0.087657
7,c1176,c6005,36,206,705,0.094466
7,c1176,c6037,17,206,238,0.076776
7,c1177,c1117,3,13,332,0.045665
7,c1177,c2007,3,13,288,0.049029
7,c1177,c2124,7,13,1070,0.059352
7,c1177,c2129,4,13,529,0.048235
7,c1177,c2131,4,13,640,0.043853
7,c1177,c2184,3,13,641,0.032864
7,c1177,c2185,5,13,1584,0.034843
7,c1178,c1022,5,32,236,0.057536
7,c1178,c1104,3,32,230,0.034969
7,c1178,c1172,5,32,785,0.031547
7,c1178,c2007,6,32,288,0.0625
7,c1178,c2103,7,32,241,0.07971
7,c1178,c2124,6,32,1070,0.032425
7,c1178,c2131,4,32,640,0.027951
7,c1178,c2181,7,32,616,0.049858
7,c1178,c2185,5,32,1584,0.022208
7,c1178,c5069,4,32,331,0.038866
7,c1178,c5154,4,32,1062,0.021698
7,c1178,c6005,17,32,705,0.113183
7,c1178,c6037,3,32,238,0.034376
7,c1179,c1172,4,6,785,0.058284
7,c1179,c5154,4,6,1062,0.05011
7,c1182,c1022,5,50,236,0.046029
7,c1182,c1117,4,50,332,0.031046
7,c1182,c1133,23,50,521,0.142503
7,c1182,c1172,12,50,785,0.060571
7,c1182,c2024,3,50,174,0.032163
7,c1182,c2076,3,50,31,0.0762
7,c1182,c2103,9,50,241,0.081988
7,c1182,c2124,8,50,1070,0.034587
7,c1182,c2181,4,50,616,0.022792
7,c1182,c2184,6,50,641,0.033515
7,c1182,c2185,16,50,1584,0.056854
7,c1182,c5069,4,50,331,0.031093
7,c1182,c5111,3,50,115,0.039563
7,c1182,c5154,5,50,1062,0.021698
7,c1182,c6005,23,50,705,0.122503
7,c1183,c1022,7,94,236,0.046998
7,c1183,c1117,14,94,332,0.079249
7,c1183,c1133,8,94,521,0.03615
7,c1183,c1153,4,94,114,0.038641
7,c1183,c1168,10,94,278,0.061861
7,c1183,c1172,12,94,785,0.044176
7,c1183,c2007,13,94,288,0.07901
7,c1183,c2024,4,94,174,0.031277
7,c1183,c2071,4,94,123,0.0372
7,c1183,c2103,3,94,241,0.019932
7,c1183,c2124,22,94,1070,0.069369
7,c1183,c2129,21,94,529,0.094173
7,c1183,c2131,12,94,640,0.048925
7,c1183,c2181,9,94,616,0.037401
7,c1183,c2184,23,94,641,0.093699
7,c1183,c2185,36,94,1584,0.093296
7,c1183,c4004,10,94,160,0.081541
7,c1183,c4123,3,94,104,0.030342
7,c1183,c5069,4,94,331,0.022677
7,c1183,c5072,4,94,167,0.031926
7,c1183,c5154,28,94,1062,0.08862
7,c1183,c6005,20,94,705,0.077691
7,c2001,c1104,6,49,230,0.056518
7,c2001,c1133,22,49,521,0.137691
7,c2001,c1171,4,49,299,0.033047
7,c2001,c1172,6,49,785,0.030593
7,c2001,c2007,3,49,288,0.025254
7,c2001,c2024,6,49,174,0.06498
7,c2001,c2124,12,49,1070,0.052407
7,c2001,c2129,4,49,529,0.024845
7,c2001,c2131,4,49,640,0.022588
7,c2001,c2181,3,49,616,0.017268
7,c2001,c2184,7,49,641,0.039498
7,c2001,c2185,21,49,1584,0.075378
7,c2001,c5069,11,49,331,0.086374
7,c2001,c5072,3,49,167,0.033164
7,c2001,c5154,10,49,1062,0.043837
7,c2001,c6005,10,49,705,0.053803
7,c2007,c1022,6,102,236,0.038672
7,c2007,c1104,6,102,230,0.039173
7,c2007,c1117,15,102,332,0.081512
7,c2007,c1133,18,102,521,0.078082
7,c2007,c1168,8,102,278,0.047508
7,c2007,c1171,4,102,299,0.022905
7,c2007,c1172,24,102,785,0.084816
7,c2007,c1183,17,102,625,0.06733
7,c2007,c2066,3,102,53,0.040802
7,c2007,c2124,33,102,1070,0.09989
7,c2007,c2129,10,102,529,0.04305
7,c2007,c2131,11,102,640,0.043053
7,c2007,c2181,16,102,616,0.063831
7,c2007,c2184,12,102,641,0.04693
7,c2007,c2185,34,102,1584,0.084587
7,c2007,c5069,11,102,331,0.059866
7,c2007,c5111,3,102,115,0.0277
7,c2007,c5154,10,102,1062,0.030383
7,c2007,c6005,24,102,705,0.089499
7,c2007,c6037,18,102,238,0.115527
7,c2012,c1153,5,8,114,0.165567
7,c2012,c2071,4,8,123,0.127515
7,c2012,c2181,6,8,616,0.08547
7,c2015,c2024,3,4,174,0.113715
7,c2015,c2185,3,4,1584,0.037689
7,c2024,c1022,4,37,236,0.042806
7,c2024,c1171,6,37,299,0.057045
7,c2024,c1172,3,37,785,0.017603
7,c2024,c1183,6,37,625,0.039456
7,c2024,c2124,28,37,1070,0.140723
7,c2024,c2129,15,37,529,0.107217
7,c2024,c2131,17,37,640,0.110473
7,c2024,c2181,11,37,616,0.072862
7,c2024,c2184,4,37,641,0.025973
7,c2024,c2185,3,37,1584,0.012392
7,c2024,c5154,3,37,1062,0.015134
7,c2048,c2124,9,10,1070,0.087006
7,c2048,c2129,4,10,529,0.054996
7,c2048,c2181,6,10,616,0.076447
7,c2048,c4123,5,10,104,0.155043
7,c2048,c5154,4,10,1062,0.038815
7,c2049,c1022,5,42,236,0.050221
7,c2049,c1117,14,42,332,0.118559
7,c2049,c1133,6,42,521,0.040561
7,c2049,c1168,6,42,278,0.055527
7,c2049,c1172,3,42,785,0.016522
7,c2049,c1183,4,42,625,0.024689
7,c2049,c2131,11,42,640,0.067093
7,c2049,c2184,5,42,641,0.030473
7,c2049,c2185,17,42,1584,0.065909
7,c2049,c5069,7,42,331,0.059369
7,c2049,c5072,4,42,167,0.047761
7,c2049,c5154,12,42,1062,0.056819
7,c2049,c6005,17,42,705,0.098794
7,c2066,c1104,8,81,230,0.058612
7,c2066,c1171,8,81,299,0.051406
7,c2066,c1172,17,81,785,0.067417
7,c2066,c1176,5,81,101,0.05528
7,c2066,c1178,3,81,70,0.039841
7,c2066,c1183,23,81,625,0.102222
7,c2066,c2007,6,81,288,0.039284
7,c2066,c2103,8,81,241,0.057258
7,c2066,c2124,30,81,1070,0.101903
7,c2066,c2129,5,81,529,0.024155
7,c2066,c2131,20,81,640,0.087841
7,c2066,c2181,7,81,616,0.031338
7,c2066,c2184,5,81,641,0.021943
7,c2066,c2185,28,81,1584,0.07817
7,c2066,c4004,3,81,160,0.026352
7,c2066,c5069,4,81,331,0.024429
7,c2066,c5072,4,81,167,0.034392
7,c2066,c5111,4,81,115,0.041445
7,c2066,c5154,28,81,1062,0.095467
7,c2066,c6037,10,81,238,0.072023
7,c2070,c1117,4,5,332,0.098176
7,c2070,c5154,3,5,1062,0.041169
7,c2071,c1022,4,127,236,0.023105
7,c2071,c1083,3,127,10,0.084182
7,c2071,c1104,11,127,230,0.064362
7,c2071,c1117,43,127,332,0.20941
7,c2071,c1133,11,127,521,0.042763
7,c2071,c1153,6,127,114,0.049865
7,c2071,c1168,5,127,278,0.02661
7,c2071,c1171,3,127,299,0.015395
7,c2071,c1172,22,127,785,0.069676
7,c2071,c1183,15,127,625,0.053241
7,c2071,c2001,3,127,42,0.041077
7,c2071,c2007,3,127,288,0.015686
7,c2071,c2124,26,127,1070,0.070531
7,c2071,c2129,15,127,529,0.057871
7,c2071,c2131,26,127,640,0.091197
7,c2071,c2181,26,127,616,0.092957
7,c2071,c2184,13,127,641,0.045563
7,c2071,c2185,45,127,1584,0.100331
7,c2071,c4004,4,127,160,0.028061
7,c2071,c4123,4,127,104,0.034805
7,c2071,c5069,19,127,331,0.09267
7,c2071,c5154,34,127,1062,0.092579
7,c2071,c6005,22,127,705,0.073524
7,c2071,c6037,13,127,238,0.074774
7,c2076,c1022,11,250,236,0.045286
7,c2076,c1046,8,250,76,0.058038
7,c2076,c1104,10,250,230,0.041703
7,c2076,c1117,6,250,332,0.020826
7,c2076,c1133,61,250,521,0.169021
7,c2076,c1153,4,250,114,0.023694
7,c2076,c1168,19,250,278,0.072071
7,c2076,c1171,8,250,299,0.029261
7,c2076,c1172,46,250,785,0.103837
7,c2076,c1176,6,250,101,0.037759
7,c2076,c1178,3,250,70,0.022678
7,c2076,c1183,39,250,625,0.098663
7,c2076,c2001,3,250,42,0.029277
7,c2076,c2007,8,250,288,0.029814
7,c2076,c2024,22,250,174,0.105482
7,c2076,c2071,6,250,123,0.034216
7,c2076,c2103,8,250,241,0.032592
7,c2076,c2110,5,250,30,0.057735
7,c2076,c2124,73,250,1070,0.141144
7,c2076,c2129,20,250,529,0.054996
7,c2076,c2131,21,250,640,0.0525
7,c2076,c2181,52,250,616,0.132508
7,c2076,c2184,42,250,641,0.104918
7,c2076,c2185,79,250,1584,0.125539
7,c2076,c4004,7,250,160,0.035
7,c2076,c4123,5,250,104,0.031009
7,c2076,c5069,32,250,331,0.111241
7,c2076,c5072,6,250,167,0.029365
7,c2076,c5111,20,250,115,0.117954
7,c2076,c5154,55,250,1062,0.106741
7,c2076,c6005,46,250,705,0.10957
7,c2076,c6037,8,250,238,0.032797
7,c2079,c1176,3,12,101,0.086173
7,c2079,c1183,5,12,625,0.057735
7,c2079,c2071,3,12,123,0.078087
7,c2079,c2124,4,12,1070,0.0353
7,c2079,c2185,3,12,1584,0.02176
7,c2080,c1183,4,18,625,0.037712
7,c2080,c2124,7,18,1070,0.050439
7,c2080,c2129,7,18,529,0.071735
7,c2080,c2131,6,18,640,0.055902
7,c2080,c2181,7,18,616,0.066477
7,c2080,c5154,3,18,1062,0.021698
7,c2090,c1022,4,25,236,0.052076
7,c2090,c1117,4,25,332,0.043906
7,c2090,c1153,3,25,114,0.056195
7,c2090,c1172,9,25,785,0.064245
7,c2090,c1183,5,25,625,0.04
7,c2090,c2071,3,25,123,0.0541
7,c2090,c2103,3,25,241,0.038649
7,c2090,c2124,8,25,1070,0.048913
7,c2090,c2181,3,25,616,0.024175
7,c2090,c2185,6,25,1584,0.030151
7,c2090,c5072,4,25,167,0.061906
7,c2090,c5154,5,25,1062,0.030686
7,c2090,c6005,3,25,705,0.022597
7,c2102,c2181,3,4,616,0.060437
7,c2103,c1117,4,35,332,0.037107
7,c2103,c1133,4,35,521,0.029622
7,c2103,c1171,5,35,299,0.048877
7,c2103,c1172,8,35,785,0.048264
7,c2103,c1183,3,35,625,0.020284
7,c2103,c2007,4,35,288,0.039841
7,c2103,c2124,6,35,1070,0.031005
7,c2103,c2129,6,35,529,0.044095
7,c2103,c2131,4,35,640,0.026726
7,c2103,c2181,4,35,616,0.027242
7,c2103,c2184,9,35,641,0.060087
7,c2103,c2185,7,35,1584,0.029729
7,c2103,c5069,4,35,331,0.037163
7,c2103,c5154,15,35,1062,0.077803
7,c2103,c6005,8,35,705,0.050929
7,c2103,c6037,4,35,238,0.043827
7,c2110,c1104,3,84,230,0.021583
7,c2110,c1117,9,84,332,0.053893
7,c2110,c1168,12,84,278,0.078527
7,c2110,c1171,3,84,299,0.01893
7,c2110,c1172,13,84,785,0.050625
7,c2110,c1178,3,84,70,0.039123
7,c2110,c1183,9,84,625,0.039279
7,c2110,c2007,4,84,288,0.025717
7,c2110,c2024,3,84,174,0.024815
7,c2110,c2103,4,84,241,0.028113
7,c2110,c2124,43,84,1070,0.143429
7,c2110,c2129,32,84,529,0.151804
7,c2110,c2131,32,84,640,0.138013
7,c2110,c2181,12,84,616,0.052753
7,c2110,c2184,15,84,641,0.064643
7,c2110,c2185,12,84,1584,0.032898
7,c2110,c5069,5,84,331,0.029986
7,c2110,c5072,4,84,167,0.033772
7,c2110,c5154,8,84,1062,0.026785
7,c2110,c6005,12,84,705,0.049311
7,c2110,c6037,4,84,238,0.02829
7,c2112,c1133,9,24,521,0.080486
7,c2112,c2103,3,24,241,0.039446
7,c2112,c2124,8,24,1070,0.049922
7,c2112,c2129,4,24,529,0.0355
7,c2112,c2131,6,24,640,0.048412
7,c2112,c2181,5,24,616,0.041122
7,c2112,c2184,3,24,641,0.024187
7,c2112,c2185,7,24,1584,0.035902
7,c2112,c5072,4,24,167,0.063182
7,c2112,c5154,3,24,1062,0.018791
7,c2112,c6005,3,24,705,0.023063
7,c2113,c1133,4,22,521,0.037362
7,c2113,c1168,4,22,278,0.051148
7,c2113,c1178,6,22,70,0.152894
7,c2113,c2001,4,22,42,0.13159
7,c2113,c2124,4,22,1070,0.026071
7,c2113,c2184,3,22,641,0.025263
7,c2113,c2185,11,22,1584,0.058926
7,c2113,c4004,3,22,160,0.050565
7,c2113,c5154,5,22,1062,0.032711
7,c2124,c1133,7,20,521,0.068575
7,c2124,c1168,4,20,278,0.053644
7,c2124,c2129,5,20,529,0.04861
7,c2124,c2131,4,20,640,0.035355
7,c2124,c2181,3,20,616,0.027028
7,c2124,c2185,7,20,1584,0.039328
7,c2124,c5069,3,20,331,0.036872
7,c2124,c5154,6,20,1062,0.041169
7,c2124,c6005,9,20,705,0.075794
7,c2125,c2185,3,5,1584,0.03371
7,c2126,c5072,3,5,167,0.103819
7,c2127,c1172,3,12,785,0.03091
7,c2127,c2181,4,12,616,0.046524
7,c2127,c2185,5,12,1584,0.036266
7,c2127,c5154,4,12,1062,0.035433
7,c2129,c1022,4,54,236,0.035433
7,c2129,c1104,4,54,230,0.035892
7,c2129,c1117,9,54,332,0.067217
7,c2129,c1133,9,54,521,0.053657
7,c2129,c1171,3,54,299,0.02361
7,c2129,c1172,11,54,785,0.053427
7,c2129,c1183,6,54,625,0.03266
7,c2129,c2007,4,54,288,0.032075
7,c2129,c2024,8,54,174,0.082531
7,c2129,c2110,3,54,30,0.074536
7,c2129,c2124,6,54,1070,0.024961
7,c2129,c2131,9,54,640,0.048412
7,c2129,c2184,7,54,641,0.037625
7,c2129,c2185,36,54,1584,0.123091
7,c2129,c5069,7,54,331,0.052358
7,c2129,c5154,12,54,1062,0.05011
7,c2129,c6005,10,54,705,0.051252
7,c2131,c1022,18,180,236,0.087333
7,c2131,c1104,15,180,230,0.073721
7,c2131,c1117,10,180,332,0.040907
7,c2131,c1133,17,180,521,0.055513
7,c2131,c1168,15,180,278,0.067055
7,c2131,c1171,14,180,299,0.060347
7,c2131,c1172,52,180,785,0.138335
7,c2131,c1176,6,180,101,0.044499
7,c2131,c1183,29,180,625,0.086461
7,c2131,c2001,3,180,42,0.034503
7,c2131,c2007,13,180,288,0.057097
7,c2131,c2066,4,180,53,0.040953
7,c2131,c2071,7,180,123,0.047045
7,c2131,c2103,15,180,241,0.072019
7,c2131,c2124,39,180,1070,0.088866
7,c2131,c2129,9,180,529,0.029166
7,c2131,c2181,26,180,616,0.078081
7,c2131,c2184,22,180,641,0.064768
7,c2131,c2185,70,180,1584,0.131094
7,c2131,c4004,15,180,160,0.088388
7,c2131,c4123,7,180,104,0.051162
7,c2131,c5069,13,180,331,0.053259
7,c2131,c5072,11,180,167,0.063445
7,c2131,c5111,5,180,115,0.034752
7,c2131,c5154,57,180,1062,0.13037
7,c2131,c6005,29,180,705,0.081408
7,c2131,c6037,12,180,238,0.057977
7,c2132,c1104,3,39,230,0.031676
7,c2132,c1117,14,39,332,0.123034
7,c2132,c1171,5,39,299,0.046302
7,c2132,c1172,3,39,785,0.017146
7,c2132,c1183,3,39,625,0.019215
7,c2132,c2103,3,39,241,0.030944
7,c2132,c2124,23,39,1070,0.112591
7,c2132,c2129,6,39,529,0.041773
7,c2132,c2131,9,39,640,0.056967
7,c2132,c2185,24,39,1584,0.096561
7,c2132,c5069,6,39,331,0.052809
7,c2132,c5072,3,39,167,0.037173
7,c2181,c1133,3,5,521,0.058778
7,c2184,c1022,16,197,236,0.074205
7,c2184,c1104,17,197,230,0.079864
7,c2184,c1117,23,197,332,0.089934
7,c2184,c1133,32,197,521,0.099884
7,c2184,c1168,19,197,278,0.081189
7,c2184,c1171,17,197,299,0.070045
7,c2184,c1172,18,197,785,0.045772
7,c2184,c1176,7,197,101,0.049625
7,c2184,c1182,4,197,34,0.048875
7,c2184,c1183,24,197,625,0.068397
7,c2184,c2001,9,197,42,0.098943
7,c2184,c2007,14,197,288,0.058776
7,c2184,c2066,8,197,53,0.078292
7,c2184,c2103,5,197,241,0.022947
7,c2184,c2124,32,197,1070,0.069699
7,c2184,c2129,31,197,529,0.096029
7,c2184,c2131,65,197,640,0.183059
7,c2184,c2181,35,197,616,0.100472
7,c2184,c2185,64,197,1584,0.11457
7,c2184,c4004,13,197,160,0.073223
7,c2184,c4123,7,197,104,0.048904
7,c2184,c5069,18,197,331,0.07049
7,c2184,c5072,12,197,167,0.066159
7,c2184,c5111,3,197,115,0.019931
7,c2184,c5154,44,197,1062,0.096196
7,c2184,c6005,44,197,705,0.118066
7,c2184,c6037,3,197,238,0.013855
7,c2185,c1117,5,23,332,0.057219
7,c2185,c1133,3,23,521,0.027406
7,c2185,c1172,10,23,785,0.074422
7,c2185,c2124,11,23,1070,0.070119
7,c2185,c2131,3,23,640,0.024727
7,c2185,c2184,5,23,641,0.041179
7,c2185,c5069,4,23,331,0.045844
7,c2185,c5154,8,23,1062,0.051187
7,c4004,c1171,4,17,299,0.056105
7,c4004,c1183,8,17,625,0.077611
7,c4004,c2124,8,17,1070,0.059316
7,c4004,c2129,4,17,529,0.04218
7,c4004,c2184,4,17,641,0.038318
7,c4004,c2185,8,17,1584,0.048751
7,c4004,c6005,3,17,705,0.027403
7,c4004,c6037,3,17,238,0.047164
7,c4123,c1022,5,100,236,0.032547
7,c4123,c1046,3,100,76,0.034412
7,c4123,c1117,5,100,332,0.027441
7,c4123,c1133,31,100,521,0.135813
7,c4123,c1168,5,100,278,0.029988
7,c4123,c1172,21,100,785,0.074952
7,c4123,c1178,4,100,70,0.047809
7,c4123,c1183,11,100,625,0.044
7,c4123,c2007,12,100,288,0.070711
7,c4123,c2024,7,100,174,0.053067
7,c4123,c2103,3,100,241,0.019325
7,c4123,c2110,6,100,30,0.109545
7,c4123,c2112,3,100,32,0.053033
7,c4123,c2124,11,100,1070,0.033628
7,c4123,c2129,6,100,529,0.026087
7,c4123,c2131,9,100,640,0.035576
7,c4123,c2184,18,100,641,0.071096
7,c4123,c2185,55,100,1584,0.138193
7,c4123,c4004,3,100,160,0.023717
7,c4123,c5033,3,100,13,0.083205
7,c4123,c5069,6,100,331,0.032979
7,c4123,c5072,10,100,167,0.077382
7,c4123,c5154,24,100,1062,0.073646
7,c4123,c6005,18,100,705,0.067792
7,c4123,c6037,6,100,238,0.038892
7,c4158,c2024,3,3,174,0.131306
7,c4158,c2185,3,3,1584,0.043519
7,c5001,c1153,4,4,114,0.187317
7,c5001,c1183,3,4,625,0.06
7,c5001,c5154,3,4,1062,0.046029
7,c5009,c2185,4,4,1584,0.050252
7,c5009,c5069,3,4,331,0.082447
7,c5033,c1046,11,105,76,0.123138
7,c5033,c1104,6,105,230,0.038609
7,c5033,c1117,12,105,332,0.064271
7,c5033,c1133,3,105,521,0.012826
7,c5033,c1168,16,105,278,0.093649
7,c5033,c1172,33,105,785,0.114944
7,c5033,c1183,5,105,625,0.019518
7,c5033,c2007,8,105,288,0.046004
7,c5033,c2024,25,105,174,0.184957
7,c5033,c2066,7,105,53,0.093835
7,c5033,c2076,3,105,31,0.052583
7,c5033,c2103,3,105,241,0.018859
7,c5033,c2124,11,105,1070,0.032818
7,c5033,c2131,7,105,640,0.027003
7,c5033,c2181,16,105,616,0.062912
7,c5033,c2184,10,105,641,0.038546
7,c5033,c2185,69,105,1584,0.169191
7,c5033,c5069,13,105,331,0.069732
7,c5033,c5072,4,105,167,0.030207
7,c5033,c5111,6,105,115,0.054602
7,c5033,c5154,10,105,1062,0.029946
7,c5033,c6005,18,105,705,0.066158
7,c5069,c1022,22,290,236,0.084095
7,c5069,c1046,7,290,76,0.047151
7,c5069,c1104,12,290,230,0.046464
7,c5069,c1153,5,290,114,0.027499
7,c5069,c1168,19,290,278,0.066916
7,c5069,c1171,39,290,299,0.132443
7,c5069,c1172,72,290,785,0.150903
7,c5069,c1176,11,290,101,0.064274
7,c5069,c1178,5,290,70,0.035093
7,c5069,c1183,52,290,625,0.122142
7,c5069,c2007,24,290,288,0.083045
7,c5069,c2024,17,290,174,0.075679
7,c5069,c2071,5,290,123,0.026474
7,c5069,c2103,25,290,241,0.094565
7,c5069,c2112,6,290,32,0.062284
7,c5069,c2124,83,290,1070,0.149
7,c5069,c2129,31,290,529,0.079147
7,c5069,c2131,34,290,640,0.078921
7,c5069,c2181,43,290,616,0.101737
7,c5069,c2184,54,290,641,0.125247
7,c5069,c2185,122,290,1584,0.180004
7,c5069,c4004,10,290,160,0.046424
7,c5069,c4123,5,290,104,0.028791
7,c5069,c5072,11,290,167,0.049985
7,c5069,c5111,6,290,115,0.032855
7,c5069,c5154,94,290,1062,0.169382
7,c5069,c6005,23,290,705,0.050867
7,c5069,c6037,17,290,238,0.064709
7,c5072,c1022,27,264,236,0.10817
7,c5072,c1104,17,264,230,0.06899
7,c5072,c1117,16,264,332,0.054044
7,c5072,c1133,14,264,521,0.037749
7,c5072,c1153,4,264,114,0.023057
7,c5072,c1168,8,264,278,0.02953
7,c5072,c1171,26,264,299,0.092541
7,c5072,c1172,42,264,785,0.09226
7,c5072,c1176,12,264,101,0.073488
7,c5072,c1178,4,264,70,0.029424
7,c5072,c1183,76,264,625,0.187099
7,c5072,c2001,3,264,42,0.02849
7,c5072,c2007,10,264,288,0.036266
7,c5072,c2008,3,264,8,0.065279
7,c5072,c2071,16,264,123,0.08879
7,c5072,c2103,19,264,241,0.075326
7,c5072,c2124,45,264,1070,0.084668
7,c5072,c2129,53,264,529,0.141823
7,c5072,c2131,33,264,640,0.080283
7,c5072,c2181,41,264,616,0.10167
7,c5072,c2184,26,264,641,0.063204
7,c5072,c2185,60,264,1584,0.092784
7,c5072,c4004,21,264,160,0.102178
7,c5072,c4123,4,264,104,0.02414
7,c5072,c5069,21,264,331,0.07104
7,c5072,c5154,128,264,1062,0.241738
7,c5072,c6005,30,264,705,0.069538
7,c5072,c6037,19,264,238,0.075799
7,c5089,c2129,3,3,529,0.075307
7,c5110,c1022,3,46,236,0.028793
7,c5110,c1104,11,46,230,0.106942
7,c5110,c1117,4,46,332,0.032368
7,c5110,c1168,8,46,278,0.070744
7,c5110,c1171,4,46,299,0.034107
7,c5110,c1172,3,46,785,0.015787
7,c5110,c1183,4,46,625,0.023591
7,c5110,c2103,3,46,241,0.028493
7,c5110,c2124,4,46,1070,0.01803
7,c5110,c2129,5,46,529,0.032053
7,c5110,c2131,10,46,640,0.058282
7,c5110,c2181,5,46,616,0.029703
7,c5110,c2184,7,46,641,0.040765
7,c5110,c2185,28,46,1584,0.103729
7,c5110,c5069,3,46,331,0.024312
7,c5110,c5072,3,46,167,0.034228
7,c5110,c5111,3,46,115,0.041247
7,c5110,c5154,5,46,1062,0.022622
7,c5110,c6005,10,46,705,0.05553
7,c5111,c1104,4,22,230,0.056232
7,c5111,c1133,9,22,521,0.084064
7,c5111,c1168,4,22,278,0.051148
7,c5111,c1172,7,22,785,0.053266
7,c5111,c2185,13,22,1584,0.069639
7,c5111,c5069,3,22,331,0.035156
7,c5111,c6005,7,22,705,0.056207
7,c5128,c1153,6,7,114,0.212398
7,c5128,c1183,4,7,625,0.060474
7,c5128,c2071,4,7,123,0.13632
7,c5128,c5154,3,7,1062,0.034794
7,c5154,c1133,3,11,521,0.039628
7,c5154,c2124,3,11,1070,0.027652
7,c5154,c2181,4,11,616,0.048593
7,c5154,c2184,3,11,641,0.035727
7,c5154,c6005,3,11,705,0.034067
7,c5175,c1153,11,11,114,0.31063
7,c5175,c2071,7,11,123,0.190305
7,c5175,c5154,9,11,1062,0.083269
7,c6005,c1183,4,17,625,0.038806
7,c6005,c2124,5,17,1070,0.037073
7,c6005,c2131,3,17,640,0.028761
7,c6005,c2181,4,17,616,0.039088
7,c6005,c2184,4,17,641,0.038318
7,c6005,c2185,6,17,1584,0.036564
7,c6005,c5154,5,17,1062,0.037212
7,c6017,c1133,14,19,521,0.140712
7,c6017,c2181,7,19,616,0.064704
7,c6017,c2184,3,19,641,0.027184
7,c6017,c2185,8,19,1584,0.046114
7,c6017,c5069,3,19,331,0.037829
7,c6017,c5072,3,19,167,0.053258
7,c6017,c5154,4,19,1062,0.028159
7,c6024,c1117,6,61,332,0.042162
7,c6024,c1133,17,61,521,0.09536
7,c6024,c1168,6,61,278,0.046075
7,c6024,c1171,9,61,299,0.066641
7,c6024,c1172,12,61,785,0.054838
7,c6024,c1178,8,61,70,0.122427
7,c6024,c1183,7,61,625,0.03585
7,c6024,c2103,3,61,241,0.024743
7,c6024,c2124,23,61,1070,0.090027
7,c6024,c2129,7,61,529,0.038968
7,c6024,c2131,9,61,640,0.04555
7,c6024,c2181,12,61,616,0.061905
7,c6024,c2184,9,61,641,0.045514
7,c6024,c2185,17,61,1584,0.05469
7,c6024,c4004,3,61,160,0.030367
7,c6024,c5111,6,61,115,0.071637
7,c6024,c5154,15,61,1062,0.058934
7,c6024,c6005,4,61,705,0.019289
7,c6037,c1022,16,202,236,0.07328
7,c6037,c1046,3,202,76,0.024212
7,c6037,c1104,21,202,230,0.097427
7,c6037,c1117,7,202,332,0.02703
7,c6037,c1133,14,202,521,0.043155
7,c6037,c1168,10,202,278,0.042199
7,c6037,c1171,17,202,299,0.069173
7,c6037,c1172,33,202,785,0.082871
7,c6037,c1178,4,202,70,0.033638
7,c6037,c1182,3,202,34,0.0362
7,c6037,c1183,26,202,625,0.073174
7,c6037,c2007,16,202,288,0.066336
7,c6037,c2024,5,202,174,0.02667
7,c6037,c2071,4,202,123,0.025377
7,c6037,c2103,6,202,241,0.027194
7,c6037,c2124,37,202,1070,0.079586
7,c6037,c2129,17,202,529,0.052005
7,c6037,c2131,21,202,640,0.058405
7,c6037,c2181,5,202,616,0.014174
7,c6037,c2184,83,202,641,0.230661
7,c6037,c2185,144,202,1584,0.254571
7,c6037,c4004,3,202,160,0.016687
7,c6037,c5069,10,202,331,0.038673
7,c6037,c5111,6,202,115,0.039366
7,c6037,c5154,63,202,1062,0.13602
7,c6037,c6005,19,202,705,0.050348
7,c6050,c1117,7,56,332,0.051338
7,c6050,c1172,7,56,785,0.033386
7,c6050,c1183,11,56,625,0.058797
7,c6050,c2007,4,56,288,0.031497
7,c6050,c2103,7,56,241,0.060255
7,c6050,c2124,24,56,1070,0.098045
7,c6050,c2129,21,56,529,0.122011
7,c6050,c2131,24,56,640,0.126773
7,c6050,c2181,6,56,616,0.032305
7,c6050,c2185,6,56,1584,0.020146
7,c6050,c4004,6,56,160,0.063387
7,c6050,c5154,20,56,1062,0.082011
7,c6050,c6005,10,56,705,0.050328
8_9,c1007,c1168,33,55,980,0.142141
8_9,c1007,c1172,6,55,1544,0.02059
8_9,c1007,c1178,4,55,208,0.037398
8_9,c1007,c1183,14,55,2804,0.03565
8_9,c1007,c2007,3,55,790,0.014392
8_9,c1007,c2024,8,55,306,0.061666
8_9,c1007,c2066,3,55,318,0.022684
8_9,c1007,c2076,3,55,604,0.01646
8_9,c1007,c2110,3,55,214,0.027652
8_9,c1007,c2124,17,55,2906,0.042523
8_9,c1007,c2129,4,55,968,0.017336
8_9,c1007,c2131,10,55,2194,0.028787
8_9,c1007,c2181,8,55,816,0.037763
8_9,c1007,c2184,5,55,1794,0.015918
8_9,c1007,c2185,19,55,1988,0.05746
8_9,c1007,c5033,30,55,220,0.272727
8_9,c1007,c5069,7,55,1268,0.026507
8_9,c1007,c5154,12,55,1838,0.037742
8_9,c1007,c6005,8,55,1140,0.031949
8_9,c1007,c6037,3,55,752,0.014751
8_9,c1020,c1150,6,19,32,0.243332
8_9,c1020,c1168,11,19,980,0.080613
8_9,c1020,c1172,6,19,1544,0.035031
8_9,c1020,c1183,6,19,2804,0.025995
8_9,c1020,c2124,5,19,2906,0.021279
8_9,c1020,c2181,7,19,816,0.056218
8_9,c1020,c2185,6,19,1988,0.030872
8_9,c1020,c5033,12,19,220,0.185606
8_9,c1020,c5154,8,19,1838,0.04281
8_9,c1022,c1007,3,376,26,0.030342
8_9,c1022,c1046,7,376,184,0.026613
8_9,c1022,c1104,12,376,170,0.047464
8_9,c1022,c1117,55,376,1138,0.084081
8_9,c1022,c1133,72,376,722,0.138188
8_9,c1022,c1143,6,376,88,0.032985
8_9,c1022,c1153,29,376,446,0.070817
8_9,c1022,c1162,4,376,94,0.021277
8_9,c1022,c1168,64,376,980,0.105432
8_9,c1022,c1171,35,376,652,0.070689
8_9,c1022,c1172,56,376,1544,0.073497
8_9,c1022,c1176,25,376,898,0.043024
8_9,c1022,c1177,4,376,28,0.038984
8_9,c1022,c1182,8,376,146,0.034144
8_9,c1022,c1183,96,376,2804,0.093495
8_9,c1022,c2001,13,376,248,0.042572
8_9,c1022,c2007,47,376,790,0.086236
8_9,c1022,c2049,4,376,118,0.01899
8_9,c1022,c2066,37,376,318,0.107003
8_9,c1022,c2071,12,376,622,0.024814
8_9,c1022,c2076,51,376,604,0.107018
8_9,c1022,c2079,4,376,36,0.034381
8_9,c1022,c2103,14,376,558,0.030564
8_9,c1022,c2110,6,376,214,0.021152
8_9,c1022,c2112,7,376,118,0.033233
8_9,c1022,c2124,134,376,2906,0.128193
8_9,c1022,c2125,3,376,30,0.028247
8_9,c1022,c2127,4,376,24,0.042108
8_9,c1022,c2129,54,376,968,0.089508
8_9,c1022,c2131,110,376,2194,0.12111
8_9,c1022,c2132,9,376,84,0.050642
8_9,c1022,c2181,27,376,816,0.048744
8_9,c1022,c2184,52,376,1794,0.063314
8_9,c1022,c2185,104,376,1988,0.12029
8_9,c1022,c4004,11,376,236,0.036927
8_9,c1022,c4123,3,376,368,0.008065
8_9,c1022,c5033,12,376,220,0.041723
8_9,c1022,c5069,66,376,1268,0.095585
8_9,c1022,c5072,31,376,798,0.056593
8_9,c1022,c5110,6,376,92,0.03226
8_9,c1022,c5111,22,376,254,0.071189
8_9,c1022,c5154,54,376,1838,0.064957
8_9,c1022,c6005,72,376,1140,0.109973
8_9,c1022,c6017,6,376,116,0.02873
8_9,c1022,c6037,30,376,752,0.056418
8_9,c1034,c1117,11,45,1138,0.048609
8_9,c1034,c1171,5,45,652,0.02919
8_9,c1034,c1172,5,45,1544,0.018969
8_9,c1034,c1176,3,45,898,0.014924
8_9,c1034,c1178,3,45,208,0.031009
8_9,c1034,c1183,15,45,2804,0.042228
8_9,c1034,c2071,4,45,622,0.023909
8_9,c1034,c2076,7,45,604,0.042459
8_9,c1034,c2124,32,45,2906,0.08849
8_9,c1034,c2129,15,45,968,0.07187
8_9,c1034,c2131,10,45,2194,0.031826
8_9,c1034,c2181,6,45,816,0.031311
8_9,c1034,c2184,4,45,1794,0.014078
8_9,c1034,c4004,4,45,236,0.038815
8_9,c1034,c4123,4,45,368,0.031083
8_9,c1034,c5069,6,45,1268,0.025118
8_9,c1034,c5154,16,45,1838,0.055634
8_9,c1034,c6037,10,45,752,0.054361
8_9,c1046,c1117,11,50,1138,0.046114
8_9,c1046,c1168,5,50,980,0.022588
8_9,c1046,c1171,6,50,652,0.033231
8_9,c1046,c1172,6,50,1544,0.021594
8_9,c1046,c1178,4,50,208,0.039223
8_9,c1046,c1183,25,50,2804,0.066768
8_9,c1046,c2103,4,50,558,0.023947
8_9,c1046,c2124,17,50,2906,0.044598
8_9,c1046,c2129,12,50,968,0.054545
8_9,c1046,c2131,22,50,2194,0.066423
8_9,c1046,c2181,3,50,816,0.014852
8_9,c1046,c2184,13,50,1794,0.043406
8_9,c1046,c2185,7,50,1988,0.022203
8_9,c1046,c4004,3,50,236,0.027617
8_9,c1046,c5069,8,50,1268,0.031772
8_9,c1046,c5072,12,50,798,0.060075
8_9,c1046,c5154,11,50,1838,0.036286
8_9,c1046,c6024,3,50,176,0.03198
8_9,c1046,c6037,7,50,752,0.0361
8_9,c1076,c2001,4,9,248,0.084667
8_9,c1076,c2066,4,9,318,0.07477
8_9,c1076,c2131,6,9,2194,0.042698
8_9,c1076,c5154,3,9,1838,0.023325
8_9,c1083,c1022,13,56,1106,0.052236
8_9,c1083,c1117,5,56,1138,0.019806
8_9,c1083,c1168,4,56,980,0.017075
8_9,c1083,c1172,3,56,1544,0.010202
8_9,c1083,c1176,54,56,898,0.240803
8_9,c1083,c1183,15,56,2804,0.037854
8_9,c1083,c2007,6,56,790,0.028526
8_9,c1083,c2071,4,56,622,0.021432
8_9,c1083,c2124,20,56,2906,0.049578
8_9,c1083,c2129,4,56,968,0.01718
8_9,c1083,c2131,17,56,2194,0.048499
8_9,c1083,c2181,5,56,816,0.02339
8_9,c1083,c2184,8,56,1794,0.02524
8_9,c1083,c5072,8,56,798,0.037844
8_9,c1083,c5154,18,56,1838,0.056106
8_9,c1083,c6005,14,56,1140,0.055409
8_9,c1083,c6037,7,56,752,0.034111
8_9,c1091,c1046,10,63,184,0.09288
8_9,c1091,c1133,6,63,722,0.028133
8_9,c1091,c1172,49,63,1544,0.157109
8_9,c1091,c1183,12,63,2804,0.028551
8_9,c1091,c2007,9,63,790,0.040342
8_9,c1091,c2024,41,63,306,0.295293
8_9,c1091,c2071,4,63,622,0.020207
8_9,c1091,c2076,9,63,604,0.046137
8_9,c1091,c2080,5,63,36,0.10499
8_9,c1091,c2110,8,63,214,0.068899
8_9,c1091,c2124,7,63,2906,0.01636
8_9,c1091,c2184,12,63,1794,0.035694
8_9,c1091,c2185,20,63,1988,0.056513
8_9,c1091,c5069,5,63,1268,0.01769
8_9,c1091,c5111,4,63,254,0.031621
8_9,c1091,c5154,19,63,1838,0.055836
8_9,c1091,c6005,17,63,1140,0.063435
8_9,c1103,c1117,6,50,1138,0.025153
8_9,c1103,c1133,24,50,722,0.126316
8_9,c1103,c1172,4,50,1544,0.014396
8_9,c1103,c1183,14,50,2804,0.03739
8_9,c1103,c2110,19,50,214,0.18368
8_9,c1103,c2124,4,50,2906,0.010494
8_9,c1103,c2129,5,50,968,0.022727
8_9,c1103,c2131,20,50,2194,0.060385
8_9,c1103,c2181,5,50,816,0.024754
8_9,c1103,c2184,9,50,1794,0.03005
8_9,c1103,c2185,15,50,1988,0.047577
8_9,c1103,c5069,29,50,1268,0.115174
8_9,c1103,c5072,5,50,798,0.025031
8_9,c1103,c5154,10,50,1838,0.032987
8_9,c1103,c6005,5,50,1140,0.020943
8_9,c1103,c6037,4,50,752,0.020628
8_9,c1104,c1022,34,153,1106,0.082652
8_9,c1104,c1046,4,153,184,0.02384
8_9,c1104,c1091,5,153,48,0.058345
8_9,c1104,c1117,12,153,1138,0.028758
8_9,c1104,c1133,3,153,722,0.009026
8_9,c1104,c1153,5,153,446,0.019141
8_9,c1104,c1168,4,153,980,0.01033
8_9,c1104,c1172,9,153,1544,0.018517
8_9,c1104,c1176,91,153,898,0.245503
8_9,c1104,c1183,78,153,2804,0.119086
8_9,c1104,c2001,6,153,248,0.030802
8_9,c1104,c2007,23,153,790,0.066156
8_9,c1104,c2066,3,153,318,0.013601
8_9,c1104,c2071,3,153,622,0.009725
8_9,c1104,c2076,3,153,604,0.009869
8_9,c1104,c2112,4,153,118,0.02977
8_9,c1104,c2113,9,153,106,0.070671
8_9,c1104,c2124,43,153,2906,0.064487
8_9,c1104,c2129,12,153,968,0.031182
8_9,c1104,c2131,40,153,2194,0.069039
8_9,c1104,c2181,8,153,816,0.022641
8_9,c1104,c2184,30,153,1794,0.057262
8_9,c1104,c2185,24,153,1988,0.043517
8_9,c1104,c4004,7,153,236,0.036838
8_9,c1104,c4123,3,153,368,0.012643
8_9,c1104,c5069,8,153,1268,0.018163
8_9,c1104,c5072,13,153,798,0.037205
8_9,c1104,c5154,38,153,1838,0.071658
8_9,c1104,c6005,22,153,1140,0.052677
8_9,c1104,c6024,40,153,176,0.243757
8_9,c1104,c6037,14,153,752,0.041274
8_9,c1109,c1022,3,35,1106,0.015248
8_9,c1109,c1168,5,35,980,0.026997
8_9,c1109,c1171,7,35,652,0.046338
8_9,c1109,c1183,12,35,2804,0.038305
8_9,c1109,c2049,4,35,118,0.062242
8_9,c1109,c2103,6,35,558,0.042934
8_9,c1109,c2124,21,35,2906,0.065847
8_9,c1109,c2129,15,35,968,0.081493
8_9,c1109,c2131,21,35,2194,0.075782
8_9,c1109,c2184,11,35,1794,0.043898
8_9,c1109,c4004,4,35,236,0.044012
8_9,c1109,c5154,3,35,1838,0.011828
8_9,c1109,c6005,3,35,1140,0.015019
8_9,c1109,c6037,11,35,752,0.067803
8_9,c1111,c2124,3,3,2906,0.03213
8_9,c1111,c2129,3,3,968,0.05567
8_9,c1112,c1133,14,16,722,0.130257
8_9,c1112,c1172,5,16,1544,0.031812
8_9,c1112,c2076,4,16,604,0.040689
8_9,c1112,c2124,6,16,2906,0.027826
8_9,c1112,c2181,6,16,816,0.052511
8_9,c1112,c5069,9,16,1268,0.063186
8_9,c1117,c1022,40,379,1106,0.061782
8_9,c1117,c1046,13,379,184,0.049228
8_9,c1117,c1133,117,379,722,0.223665
8_9,c1117,c1153,6,379,446,0.014594
8_9,c1117,c1168,21,379,980,0.034458
8_9,c1117,c1171,17,379,652,0.034198
8_9,c1117,c1172,67,379,1544,0.087585
8_9,c1117,c1176,10,379,898,0.017141
8_9,c1117,c1178,3,379,208,0.010685
8_9,c1117,c1183,124,379,2804,0.120285
8_9,c1117,c2001,18,379,248,0.058712
8_9,c1117,c2007,26,379,790,0.047516
8_9,c1117,c2024,19,379,306,0.055792
8_9,c1117,c2066,36,379,318,0.103698
8_9,c1117,c2071,4,379,622,0.008238
8_9,c1117,c2076,47,379,604,0.098234
8_9,c1117,c2103,33,379,558,0.071759
8_9,c1117,c2124,119,379,2906,0.113391
8_9,c1117,c2126,3,379,24,0.031455
8_9,c1117,c2129,29,379,968,0.047879
8_9,c1117,c2131,84,379,2194,0.092117
8_9,c1117,c2181,19,379,816,0.034166
8_9,c1117,c2184,93,379,1794,0.112785
8_9,c1117,c2185,99,379,1988,0.114053
8_9,c1117,c4004,9,379,236,0.030093
8_9,c1117,c4123,20,379,368,0.053553
8_9,c1117,c5069,216,379,1268,0.311584
8_9,c1117,c5072,30,379,798,0.054551
8_9,c1117,c5154,80,379,1838,0.095851
8_9,c1117,c6005,60,379,1140,0.091281
8_9,c1117,c6037,28,379,752,0.052448
8_9,c1126,c2181,3,6,816,0.042875
8_9,c1126,c2184,3,6,1794,0.028916
8_9,c1129,c1171,6,8,652,0.083077
8_9,c1129,c2124,8,8,2906,0.052468
8_9,c1129,c2184,4,8,1794,0.033389
8_9,c1131,c1172,5,7,1544,0.048095
8_9,c1131,c6037,4,7,752,0.055132
8_9,c1133,c1007,6,109,26,0.112707
8_9,c1133,c1022,8,109,1106,0.023041
8_9,c1133,c1046,6,109,184,0.042367
8_9,c1133,c1117,9,109,1138,0.025554
8_9,c1133,c1143,5,109,88,0.051052
8_9,c1133,c1150,5,109,32,0.084661
8_9,c1133,c1153,4,109,446,0.018142
8_9,c1133,c1168,73,109,980,0.223355
8_9,c1133,c1172,42,109,1544,0.102379
8_9,c1133,c1178,9,109,208,0.059772
8_9,c1133,c1183,33,109,2804,0.059691
8_9,c1133,c2007,14,109,790,0.047709
8_9,c1133,c2024,8,109,306,0.043804
8_9,c1133,c2066,5,109,318,0.026856
8_9,c1133,c2071,3,109,622,0.011522
8_9,c1133,c2076,5,109,604,0.019487
8_9,c1133,c2103,3,109,558,0.012164
8_9,c1133,c2110,4,109,214,0.02619
8_9,c1133,c2124,13,109,2906,0.023098
8_9,c1133,c2129,5,109,968,0.015393
8_9,c1133,c2131,12,109,2194,0.024539
8_9,c1133,c2132,16,109,84,0.167212
8_9,c1133,c2181,22,109,816,0.073767
8_9,c1133,c2184,11,109,1794,0.024875
8_9,c1133,c2185,15,109,1988,0.032223
8_9,c1133,c5033,29,109,220,0.187272
8_9,c1133,c5069,8,109,1268,0.021519
8_9,c1133,c5072,4,109,798,0.013563
8_9,c1133,c5154,22,109,1838,0.049151
8_9,c1133,c6005,20,109,1140,0.056737
8_9,c1133,c6050,3,109,136,0.02464
8_9,c1143,c1022,10,134,1106,0.025976
8_9,c1143,c1046,4,134,184,0.025474
8_9,c1143,c1117,50,134,1138,0.12804
8_9,c1143,c1168,15,134,980,0.041393
8_9,c1143,c1171,13,134,652,0.043981
8_9,c1143,c1172,11,134,1544,0.024183
8_9,c1143,c1176,7,134,898,0.020179
8_9,c1143,c1178,3,134,208,0.01797
8_9,c1143,c1183,42,134,2804,0.068519
8_9,c1143,c2007,24,134,790,0.073764
8_9,c1143,c2024,4,134,306,0.019754
8_9,c1143,c2066,10,134,318,0.048443
8_9,c1143,c2071,9,134,622,0.031174
8_9,c1143,c2103,9,134,558,0.032913
8_9,c1143,c2110,5,134,214,0.029526
8_9,c1143,c2112,3,134,118,0.023858
8_9,c1143,c2124,69,134,2906,0.110573
8_9,c1143,c2129,26,134,968,0.072191
8_9,c1143,c2131,58,134,2194,0.106969
8_9,c1143,c2181,13,134,816,0.039314
8_9,c1143,c2184,62,134,1794,0.126453
8_9,c1143,c4123,3,134,368,0.01351
8_9,c1143,c5033,4,134,220,0.023297
8_9,c1143,c5069,11,134,1268,0.026686
8_9,c1143,c5072,20,134,798,0.061161
8_9,c1143,c5149,3,134,24,0.052901
8_9,c1143,c5154,16,134,1838,0.03224
8_9,c1143,c6005,6,134,1140,0.015351
8_9,c1143,c6050,6,134,136,0.044446
8_9,c1147,c1117,10,19,1138,0.068007
8_9,c1147,c1171,3,19,652,0.026954
8_9,c1147,c1176,8,19,898,0.061246
8_9,c1147,c1183,7,19,2804,0.030327
8_9,c1147,c2007,4,19,790,0.032649
8_9,c1147,c2071,3,19,622,0.027596
8_9,c1147,c2124,11,19,2906,0.046813
8_9,c1147,c2131,8,19,2194,0.039183
8_9,c1147,c2184,11,19,1794,0.059581
8_9,c1148,c1022,8,53,1106,0.033043
8_9,c1148,c1153,11,53,446,0.071546
8_9,c1148,c1162,9,53,94,0.127509
8_9,c1148,c1168,3,53,980,0.013163
8_9,c1148,c1172,14,53,1544,0.04894
8_9,c1148,c1176,6,53,898,0.027503
8_9,c1148,c1183,25,53,2804,0.06485
8_9,c1148,c2071,39,53,622,0.214799
8_9,c1148,c2124,20,53,2906,0.050962
8_9,c1148,c2131,8,53,2194,0.02346
8_9,c1148,c2181,4,53,816,0.019234
8_9,c1148,c2184,8,53,1794,0.025944
8_9,c1148,c2185,11,53,1988,0.033888
8_9,c1148,c5154,12,53,1838,0.038448
8_9,c1148,c6005,5,53,1140,0.020341
8_9,c1148,c6037,5,53,752,0.025045
8_9,c1150,c1133,17,46,722,0.093283
8_9,c1150,c1168,3,46,980,0.01413
8_9,c1150,c1172,15,46,1544,0.056284
8_9,c1150,c1183,3,46,2804,0.008353
8_9,c1150,c2007,4,46,790,0.020983
8_9,c1150,c2024,10,46,306,0.084287
8_9,c1150,c2076,31,46,604,0.185979
8_9,c1150,c2103,4,46,558,0.024967
8_9,c1150,c2124,11,46,2906,0.030086
8_9,c1150,c2181,7,46,816,0.036131
8_9,c1150,c2184,5,46,1794,0.017405
8_9,c1150,c2185,16,46,1988,0.052909
8_9,c1150,c5033,5,46,220,0.049703
8_9,c1150,c5069,6,46,1268,0.024843
8_9,c1150,c5072,5,46,798,0.026097
8_9,c1150,c5111,6,46,254,0.055508
8_9,c1150,c5154,5,46,1838,0.017196
8_9,c1150,c6005,17,46,1140,0.074237
8_9,c1153,c1022,14,209,1106,0.029119
8_9,c1153,c1034,3,209,34,0.035588
8_9,c1153,c1046,24,209,184,0.122385
8_9,c1153,c1104,6,209,170,0.031831
8_9,c1153,c1117,19,209,1138,0.038959
8_9,c1153,c1143,12,209,88,0.088484
8_9,c1153,c1168,35,209,980,0.077336
8_9,c1153,c1171,17,209,652,0.046052
8_9,c1153,c1172,39,209,1544,0.068654
8_9,c1153,c1177,3,209,28,0.039217
8_9,c1153,c1178,4,209,208,0.019185
8_9,c1153,c1182,4,209,146,0.022899
8_9,c1153,c1183,67,209,2804,0.087521
8_9,c1153,c2001,4,209,248,0.01757
8_9,c1153,c2007,11,209,790,0.027071
8_9,c1153,c2024,15,209,306,0.059314
8_9,c1153,c2066,16,209,318,0.062063
8_9,c1153,c2071,3,209,622,0.008321
8_9,c1153,c2076,17,209,604,0.047847
8_9,c1153,c2080,3,209,36,0.034586
8_9,c1153,c2103,36,209,558,0.105417
8_9,c1153,c2110,14,209,214,0.066198
8_9,c1153,c2112,7,209,118,0.044574
8_9,c1153,c2124,40,209,2906,0.051326
8_9,c1153,c2129,11,209,968,0.024456
8_9,c1153,c2131,50,209,2194,0.073838
8_9,c1153,c2132,4,209,84,0.030189
8_9,c1153,c2181,8,209,816,0.019372
8_9,c1153,c2184,63,209,1794,0.102886
8_9,c1153,c2185,87,209,1988,0.13497
8_9,c1153,c5033,6,209,220,0.027981
8_9,c1153,c5069,43,209,1268,0.083529
8_9,c1153,c5072,45,209,798,0.110189
8_9,c1153,c5111,6,209,254,0.026041
8_9,c1153,c5154,43,209,1838,0.069378
8_9,c1153,c6005,18,209,1140,0.036876
8_9,c1153,c6037,5,209,752,0.012612
8_9,c1153,c6050,4,209,136,0.023726
8_9,c1160,c1117,5,27,1138,0.028524
8_9,c1160,c1168,3,27,980,0.018443
8_9,c1160,c1176,6,27,898,0.038533
8_9,c1160,c1183,10,27,2804,0.036344
8_9,c1160,c2066,3,27,318,0.032376
8_9,c1160,c2071,3,27,622,0.02315
8_9,c1160,c2124,14,27,2906,0.04998
8_9,c1160,c2129,6,27,968,0.037113
8_9,c1160,c2131,16,27,2194,0.065738
8_9,c1160,c2184,6,27,1794,0.027262
8_9,c1160,c2185,3,27,1988,0.012949
8_9,c1160,c5072,6,27,798,0.040876
8_9,c1160,c6005,3,27,1140,0.0171
8_9,c1162,c1104,3,45,170,0.0343
8_9,c1162,c1117,5,45,1138,0.022095
8_9,c1162,c1153,21,45,446,0.148233
8_9,c1162,c1168,3,45,980,0.014286
8_9,c1162,c1172,16,45,1544,0.0607
8_9,c1162,c1176,5,45,898,0.024873
8_9,c1162,c1183,8,45,2804,0.022521
8_9,c1162,c2024,15,45,306,0.127827
8_9,c1162,c2071,3,45,622,0.017932
8_9,c1162,c2124,19,45,2906,0.052541
8_9,c1162,c2129,3,45,968,0.014374
8_9,c1162,c2131,7,45,2194,0.022278
8_9,c1162,c2181,3,45,816,0.015656
8_9,c1162,c2184,5,45,1794,0.017598
8_9,c1162,c2185,14,45,1988,0.046807
8_9,c1162,c5072,3,45,798,0.015831
8_9,c1162,c5110,10,45,92,0.155417
8_9,c1162,c5154,4,45,1838,0.013909
8_9,c1162,c6005,8,45,1140,0.035321
8_9,c1168,c1022,19,210,1106,0.039425
8_9,c1168,c1046,13,210,184,0.066134
8_9,c1168,c1083,3,210,14,0.055328
8_9,c1168,c1104,4,210,170,0.02117
8_9,c1168,c1117,31,210,1138,0.063413
8_9,c1168,c1133,3,210,722,0.007704
8_9,c1168,c1143,6,210,88,0.044137
8_9,c1168,c1171,44,210,652,0.11891
8_9,c1168,c1172,49,210,1544,0.086052
8_9,c1168,c1176,3,210,898,0.006908
8_9,c1168,c1179,3,210,12,0.059761
8_9,c1168,c1182,3,210,146,0.017133
8_9,c1168,c1183,45,210,2804,0.058643
8_9,c1168,c2001,7,210,248,0.030673
8_9,c1168,c2007,20,210,790,0.049103
8_9,c1168,c2024,19,210,306,0.074952
8_9,c1168,c2066,13,210,318,0.050306
8_9,c1168,c2071,9,210,622,0.024902
8_9,c1168,c2076,18,210,604,0.050541
8_9,c1168,c2103,35,210,558,0.102245
8_9,c1168,c2110,12,210,214,0.056606
8_9,c1168,c2112,3,210,118,0.019058
8_9,c1168,c2113,4,210,106,0.02681
8_9,c1168,c2124,62,210,2906,0.079366
8_9,c1168,c2129,13,210,968,0.028833
8_9,c1168,c2131,56,210,2194,0.082501
8_9,c1168,c2181,20,210,816,0.048314
8_9,c1168,c2184,63,210,1794,0.102641
8_9,c1168,c2185,55,210,1988,0.085123
8_9,c1168,c4004,3,210,236,0.013476
8_9,c1168,c4123,11,210,368,0.039569
8_9,c1168,c5033,3,210,220,0.013957
8_9,c1168,c5069,36,210,1268,0.069764
8_9,c1168,c5072,38,210,798,0.092827
8_9,c1168,c5111,10,210,254,0.043299
8_9,c1168,c5154,26,210,1838,0.04185
8_9,c1168,c6005,35,210,1140,0.071533
8_9,c1168,c6037,14,210,752,0.03523
8_9,c1168,c6050,5,210,136,0.029586
8_9,c1171,c1022,21,128,1106,0.055813
8_9,c1171,c1076,4,128,16,0.088388
8_9,c1171,c1104,9,128,170,0.061012
8_9,c1171,c1117,3,128,1138,0.00786
8_9,c1171,c1153,8,128,446,0.033482
8_9,c1171,c1168,6,128,980,0.016941
8_9,c1171,c1172,9,128,1544,0.020245
8_9,c1171,c1176,41,128,898,0.120932
8_9,c1171,c1182,3,128,146,0.021945
8_9,c1171,c1183,66,128,2804,0.110167
8_9,c1171,c2001,4,128,248,0.022451
8_9,c1171,c2007,12,128,790,0.037737
8_9,c1171,c2049,4,128,118,0.032547
8_9,c1171,c2066,10,128,318,0.049566
8_9,c1171,c2071,53,128,622,0.187835
8_9,c1171,c2076,3,128,604,0.010789
8_9,c1171,c2113,4,128,106,0.03434
8_9,c1171,c2124,18,128,2906,0.029513
8_9,c1171,c2129,14,128,968,0.039773
8_9,c1171,c2131,37,128,2194,0.06982
8_9,c1171,c2181,3,128,816,0.009283
8_9,c1171,c2184,35,128,1794,0.073038
8_9,c1171,c2185,45,128,1988,0.089207
8_9,c1171,c4004,4,128,236,0.023014
8_9,c1171,c5069,11,128,1268,0.027304
8_9,c1171,c5072,24,128,798,0.075094
8_9,c1171,c5154,31,128,1838,0.063912
8_9,c1171,c6005,8,128,1140,0.020943
8_9,c1171,c6050,5,128,136,0.037896
8_9,c1172,c1022,8,109,1106,0.023041
8_9,c1172,c1104,7,109,170,0.051423
8_9,c1172,c1133,10,109,722,0.035647
8_9,c1172,c1153,7,109,446,0.031748
8_9,c1172,c1168,7,109,980,0.021418
8_9,c1172,c1171,13,109,652,0.048765
8_9,c1172,c1178,9,109,208,0.059772
8_9,c1172,c1183,34,109,2804,0.0615
8_9,c1172,c2001,7,109,248,0.042575
8_9,c1172,c2007,25,109,790,0.085195
8_9,c1172,c2024,3,109,306,0.016427
8_9,c1172,c2049,4,109,118,0.03527
8_9,c1172,c2066,4,109,318,0.021485
8_9,c1172,c2071,9,109,622,0.034565
8_9,c1172,c2076,6,109,604,0.023384
8_9,c1172,c2103,5,109,558,0.020274
8_9,c1172,c2113,3,109,106,0.02791
8_9,c1172,c2124,50,109,2906,0.08884
8_9,c1172,c2129,23,109,968,0.070807
8_9,c1172,c2131,37,109,2194,0.075661
8_9,c1172,c2181,11,109,816,0.036884
8_9,c1172,c2184,27,109,1794,0.061058
8_9,c1172,c2185,29,109,1988,0.062298
8_9,c1172,c4123,6,109,368,0.029958
8_9,c1172,c5069,10,109,1268,0.026898
8_9,c1172,c5072,8,109,798,0.027125
8_9,c1172,c5110,5,109,92,0.04993
8_9,c1172,c5154,6,109,1838,0.013405
8_9,c1172,c6005,11,109,1140,0.031205
8_9,c1172,c6017,3,109,116,0.02668
8_9,c1172,c6037,20,109,752,0.069857
8_9,c1176,c1022,49,405,1106,0.073213
8_9,c1176,c1046,26,405,184,0.095244
8_9,c1176,c1117,52,405,1138,0.076596
8_9,c1176,c1133,24,405,722,0.044383
8_9,c1176,c1143,7,405,88,0.037079
8_9,c1176,c1153,34,405,446,0.079999
8_9,c1176,c1162,9,405,94,0.046127
8_9,c1176,c1168,79,405,980,0.125397
8_9,c1176,c1172,77,405,1544,0.097373
8_9,c1176,c1178,14,405,208,0.048236
8_9,c1176,c1182,5,405,146,0.020562
8_9,c1176,c1183,136,405,2804,0.127621
8_9,c1176,c2001,3,405,248,0.009466
8_9,c1176,c2007,60,405,790,0.106074
8_9,c1176,c2024,8,405,306,0.022725
8_9,c1176,c2049,8,405,118,0.036595
8_9,c1176,c2071,54,405,622,0.10759
8_9,c1176,c2076,5,405,604,0.010109
8_9,c1176,c2079,3,405,36,0.024845
8_9,c1176,c2080,3,405,36,0.024845
8_9,c1176,c2103,66,405,558,0.138835
8_9,c1176,c2110,19,405,214,0.064539
8_9,c1176,c2112,5,405,118,0.022872
8_9,c1176,c2113,3,405,106,0.014479
8_9,c1176,c2124,135,405,2906,0.12444
8_9,c1176,c2125,4,405,30,0.036289
8_9,c1176,c2129,31,405,968,0.04951
8_9,c1176,c2131,81,405,2194,0.085929
8_9,c1176,c2132,7,405,84,0.037952
8_9,c1176,c2181,24,405,816,0.041748
8_9,c1176,c2184,101,405,1794,0.11849
8_9,c1176,c2185,130,405,1988,0.14488
8_9,c1176,c4004,7,405,236,0.022642
8_9,c1176,c4123,27,405,368,0.069938
8_9,c1176,c5009,3,405,8,0.052705
8_9,c1176,c5033,16,405,220,0.053602
8_9,c1176,c5069,31,405,1268,0.043259
8_9,c1176,c5072,14,405,798,0.024626
8_9,c1176,c5110,8,405,92,0.041445
8_9,c1176,c5111,13,405,254,0.040532
8_9,c1176,c5154,73,405,1838,0.08461
8_9,c1176,c5175,5,405,50,0.035136
8_9,c1176,c6005,71,405,1140,0.104491
8_9,c1176,c6017,5,405,116,0.023068
8_9,c1176,c6024,8,405,176,0.029964
8_9,c1176,c6037,42,405,752,0.076105
8_9,c1176,c6050,7,405,136,0.029826
8_9,c1177,c1022,8,97,1106,0.024425
8_9,c1177,c1117,19,97,1138,0.057187
8_9,c1177,c1171,11,97,652,0.04374
8_9,c1177,c1172,11,97,1544,0.028424
8_9,c1177,c1176,30,97,898,0.101648
8_9,c1177,c1182,5,97,146,0.042015
8_9,c1177,c1183,38,97,2804,0.072863
8_9,c1177,c2001,3,97,248,0.019342
8_9,c1177,c2007,13,97,790,0.046962
8_9,c1177,c2049,5,97,118,0.046735
8_9,c1177,c2071,7,97,622,0.028498
8_9,c1177,c2076,3,97,604,0.012394
8_9,c1177,c2113,3,97,106,0.029586
8_9,c1177,c2124,54,97,2906,0.101709
8_9,c1177,c2129,21,97,968,0.068532
8_9,c1177,c2131,42,97,2194,0.091043
8_9,c1177,c2181,6,97,816,0.021327
8_9,c1177,c2184,25,97,1794,0.05993
8_9,c1177,c2185,27,97,1988,0.061485
8_9,c1177,c4004,4,97,236,0.026437
8_9,c1177,c5069,10,97,1268,0.028514
8_9,c1177,c5072,10,97,798,0.035943
8_9,c1177,c5154,11,97,1838,0.026052
8_9,c1177,c6005,5,97,1140,0.015036
8_9,c1177,c6037,4,97,752,0.01481
8_9,c1178,c1022,103,161,1106,0.244088
8_9,c1178,c1117,26,161,1138,0.060742
8_9,c1178,c1133,5,161,722,0.014665
8_9,c1178,c1153,5,161,446,0.018659
8_9,c1178,c1171,6,161,652,0.018519
8_9,c1178,c1172,32,161,1544,0.064182
8_9,c1178,c1176,24,161,898,0.063119
8_9,c1178,c1183,53,161,2804,0.078881
8_9,c1178,c2001,6,161,248,0.030027
8_9,c1178,c2007,41,161,790,0.114963
8_9,c1178,c2049,3,161,118,0.021765
8_9,c1178,c2071,17,161,622,0.053721
8_9,c1178,c2076,11,161,604,0.035275
8_9,c1178,c2103,10,161,558,0.033363
8_9,c1178,c2124,23,161,2906,0.033625
8_9,c1178,c2129,9,161,968,0.022798
8_9,c1178,c2131,26,161,2194,0.043746
8_9,c1178,c2181,27,161,816,0.074491
8_9,c1178,c2184,54,161,1794,0.100478
8_9,c1178,c2185,38,161,1988,0.067168
8_9,c1178,c4123,12,161,368,0.0493
8_9,c1178,c5069,10,161,1268,0.022132
8_9,c1178,c5072,9,161,798,0.025109
8_9,c1178,c5111,3,161,254,0.014835
8_9,c1178,c5154,28,161,1838,0.051472
8_9,c1178,c6005,41,161,1140,0.095701
8_9,c1178,c6024,4,161,176,0.023762
8_9,c1178,c6037,6,161,752,0.017244
8_9,c1179,c1022,9,34,1106,0.046411
8_9,c1179,c1117,10,34,1138,0.050838
8_9,c1179,c1162,4,34,94,0.070755
8_9,c1179,c1172,18,34,1544,0.078561
8_9,c1179,c1183,11,34,2804,0.035626
8_9,c1179,c2049,4,34,118,0.063151
8_9,c1179,c2071,3,34,622,0.020629
8_9,c1179,c2124,10,34,2906,0.031814
8_9,c1179,c2181,14,34,816,0.084051
8_9,c1179,c2184,7,34,1794,0.028343
8_9,c1179,c4123,13,34,368,0.11622
8_9,c1179,c5154,6,34,1838,0.024002
8_9,c1179,c6005,5,34,1140,0.025397
8_9,c1182,c1022,9,157,1106,0.021598
8_9,c1182,c1046,3,157,184,0.017651
8_9,c1182,c1133,45,157,722,0.133658
8_9,c1182,c1153,5,157,446,0.018895
8_9,c1182,c1168,12,157,980,0.030593
8_9,c1182,c1171,3,157,652,0.009377
8_9,c1182,c1172,47,157,1544,0.095461
8_9,c1182,c1176,9,157,898,0.023969
8_9,c1182,c1183,20,157,2804,0.030143
8_9,c1182,c2001,6,157,248,0.030407
8_9,c1182,c2007,16,157,790,0.045431
8_9,c1182,c2024,18,157,306,0.082122
8_9,c1182,c2066,11,157,318,0.04923
8_9,c1182,c2076,128,157,604,0.415663
8_9,c1182,c2103,6,157,558,0.020271
8_9,c1182,c2112,3,157,118,0.022041
8_9,c1182,c2124,30,157,2906,0.044414
8_9,c1182,c2129,3,157,968,0.007695
8_9,c1182,c2131,12,157,2194,0.020446
8_9,c1182,c2181,23,157,816,0.064259
8_9,c1182,c2184,15,157,1794,0.028264
8_9,c1182,c2185,60,157,1988,0.107397
8_9,c1182,c5069,22,157,1268,0.049308
8_9,c1182,c5072,3,157,798,0.008476
8_9,c1182,c5111,19,157,254,0.095145
8_9,c1182,c5154,15,157,1838,0.027923
8_9,c1182,c6005,49,157,1140,0.115823
8_9,c1182,c6024,3,157,176,0.018047
8_9,c1182,c6037,6,157,752,0.017462
8_9,c1182,c6050,3,157,136,0.020531
8_9,c1183,c1022,11,82,1106,0.036527
8_9,c1183,c1117,15,82,1138,0.049104
8_9,c1183,c1133,9,82,722,0.036989
8_9,c1183,c1168,30,82,980,0.105828
8_9,c1183,c1171,8,82,652,0.034599
8_9,c1183,c1172,12,82,1544,0.033725
8_9,c1183,c1176,3,82,898,0.011055
8_9,c1183,c1177,3,82,28,0.062609
8_9,c1183,c1182,3,82,146,0.027418
8_9,c1183,c2007,17,82,790,0.066793
8_9,c1183,c2103,3,82,558,0.014025
8_9,c1183,c2124,24,82,2906,0.049165
8_9,c1183,c2129,9,82,968,0.031945
8_9,c1183,c2131,21,82,2194,0.04951
8_9,c1183,c2181,14,82,816,0.054122
8_9,c1183,c2184,15,82,1794,0.039109
8_9,c1183,c2185,23,82,1988,0.056966
8_9,c1183,c4004,3,82,236,0.021565
8_9,c1183,c4123,3,82,368,0.01727
8_9,c1183,c5033,5,82,220,0.037226
8_9,c1183,c5069,20,82,1268,0.062025
8_9,c1183,c5072,7,82,798,0.027365
8_9,c1183,c5154,9,82,1838,0.023183
8_9,c1183,c6005,27,82,1140,0.088309
8_9,c1183,c6037,4,82,752,0.016108
8_9,c2001,c1022,3,87,1106,0.009671
8_9,c2001,c1104,4,87,170,0.032891
8_9,c2001,c1117,6,87,1138,0.019069
8_9,c2001,c1133,16,87,722,0.06384
8_9,c2001,c1168,5,87,980,0.017124
8_9,c2001,c1171,9,87,652,0.037788
8_9,c2001,c1172,6,87,1544,0.016371
8_9,c2001,c1176,4,87,898,0.014311
8_9,c2001,c1183,24,87,2804,0.048592
8_9,c2001,c2007,3,87,790,0.011443
8_9,c2001,c2048,6,87,20,0.143839
8_9,c2001,c2066,13,87,318,0.078157
8_9,c2001,c2076,11,87,604,0.047986
8_9,c2001,c2090,6,87,52,0.089205
8_9,c2001,c2110,5,87,214,0.036644
8_9,c2001,c2124,29,87,2906,0.057675
8_9,c2001,c2129,13,87,968,0.044797
8_9,c2001,c2131,21,87,2194,0.048066
8_9,c2001,c2181,4,87,816,0.015013
8_9,c2001,c2184,12,87,1794,0.030375
8_9,c2001,c2185,31,87,1988,0.074541
8_9,c2001,c4004,4,87,236,0.027915
8_9,c2001,c5033,3,87,220,0.021685
8_9,c2001,c5069,25,87,1268,0.07527
8_9,c2001,c5072,18,87,798,0.068314
8_9,c2001,c5111,3,87,254,0.020181
8_9,c2001,c5154,17,87,1838,0.042512
8_9,c2001,c6005,11,87,1140,0.034929
8_9,c2001,c6037,3,87,752,0.011729
8_9,c2001,c6050,8,87,136,0.073546
8_9,c2002,c1022,5,36,1106,0.025058
8_9,c2002,c1117,7,36,1138,0.034584
8_9,c2002,c1133,3,36,722,0.018608
8_9,c2002,c1162,3,36,94,0.051571
8_9,c2002,c1168,20,36,980,0.106479
8_9,c2002,c1178,3,36,208,0.034669
8_9,c2002,c1183,17,36,2804,0.053507
8_9,c2002,c2124,12,36,2906,0.037101
8_9,c2002,c2131,12,36,2194,0.042698
8_9,c2002,c2184,9,36,1794,0.035414
8_9,c2002,c2185,6,36,1988,0.022428
8_9,c2002,c5069,17,36,1268,0.079568
8_9,c2002,c5154,5,36,1838,0.019438
8_9,c2002,c6005,5,36,1140,0.024681
8_9,c2004,c1150,3,19,32,0.121666
8_9,c2004,c1168,12,19,980,0.087941
8_9,c2004,c1172,3,19,1544,0.017515
8_9,c2004,c1183,3,19,2804,0.012997
8_9,c2004,c2024,3,19,306,0.039344
8_9,c2004,c2110,3,19,214,0.047048
8_9,c2004,c2124,5,19,2906,0.021279
8_9,c2004,c2181,8,19,816,0.064249
8_9,c2004,c5033,14,19,220,0.216541
8_9,c2004,c5154,8,19,1838,0.04281
8_9,c2004,c6005,4,19,1140,0.027179
8_9,c2007,c1022,9,134,1106,0.023378
8_9,c2007,c1117,34,134,1138,0.087067
8_9,c2007,c1133,23,134,722,0.073945
8_9,c2007,c1153,5,134,446,0.020453
8_9,c2007,c1168,13,134,980,0.035874
8_9,c2007,c1171,7,134,652,0.023682
8_9,c2007,c1172,21,134,1544,0.046168
8_9,c2007,c1176,3,134,898,0.008648
8_9,c2007,c1182,6,134,146,0.042897
8_9,c2007,c1183,34,134,2804,0.055467
8_9,c2007,c2001,6,134,248,0.032913
8_9,c2007,c2066,6,134,318,0.029066
8_9,c2007,c2071,10,134,622,0.034638
8_9,c2007,c2076,13,134,604,0.045695
8_9,c2007,c2110,3,134,214,0.017716
8_9,c2007,c2124,43,134,2906,0.068908
8_9,c2007,c2129,15,134,968,0.041649
8_9,c2007,c2131,43,134,2194,0.079304
8_9,c2007,c2181,16,134,816,0.048386
8_9,c2007,c2184,25,134,1794,0.050989
8_9,c2007,c2185,39,134,1988,0.075562
8_9,c2007,c4004,4,134,236,0.022493
8_9,c2007,c4123,7,134,368,0.031523
8_9,c2007,c5033,4,134,220,0.023297
8_9,c2007,c5069,38,134,1268,0.092187
8_9,c2007,c5072,8,134,798,0.024464
8_9,c2007,c5111,8,134,254,0.043363
8_9,c2007,c5154,22,134,1838,0.04433
8_9,c2007,c6005,32,134,1140,0.081874
8_9,c2007,c6017,4,134,116,0.032083
8_9,c2007,c6024,6,134,176,0.03907
8_9,c2007,c6037,11,134,752,0.034652
8_9,c2009,c1176,3,8,898,0.035395
8_9,c2009,c1183,4,8,2804,0.026707
8_9,c2009,c2129,3,8,968,0.034091
8_9,c2009,c2131,5,8,2194,0.03774
8_9,c2009,c2184,3,8,1794,0.025042
8_9,c2012,c1022,8,26,1106,0.047177
8_9,c2012,c1117,4,26,1138,0.023254
8_9,c2012,c1153,12,26,446,0.111436
8_9,c2012,c1172,3,26,1544,0.014973
8_9,c2012,c1176,8,26,898,0.052356
8_9,c2012,c1183,10,26,2804,0.037036
8_9,c2012,c2007,3,26,790,0.020932
8_9,c2012,c2071,8,26,622,0.062908
8_9,c2012,c2131,7,26,2194,0.029308
8_9,c2012,c2184,5,26,1794,0.023151
8_9,c2012,c4004,4,26,236,0.051064
8_9,c2012,c5154,11,26,1838,0.050319
8_9,c2012,c6037,3,26,752,0.021455
8_9,c2015,c1133,8,19,722,0.068304
8_9,c2015,c1168,5,19,980,0.036642
8_9,c2015,c1172,10,19,1544,0.058385
8_9,c2015,c2024,6,19,306,0.078689
8_9,c2015,c2110,3,19,214,0.047048
8_9,c2015,c2181,8,19,816,0.064249
8_9,c2015,c2184,3,19,1794,0.016249
8_9,c2015,c2185,6,19,1988,0.030872
8_9,c2015,c5033,3,19,220,0.046402
8_9,c2015,c5069,6,19,1268,0.038656
8_9,c2015,c5072,3,19,798,0.024364
8_9,c2015,c5154,4,19,1838,0.021405
8_9,c2016,c1046,3,10,184,0.069938
8_9,c2016,c1133,4,10,722,0.047075
8_9,c2016,c2124,4,10,2906,0.023465
8_9,c2016,c2184,3,10,1794,0.022398
8_9,c2016,c5069,6,10,1268,0.053283
8_9,c2019,c1117,3,8,1138,0.031442
8_9,c2019,c2181,4,8,816,0.049507
8_9,c2019,c5154,4,8,1838,0.032987
8_9,c2022,c1171,3,5,652,0.052543
8_9,c2022,c2124,3,5,2906,0.024888
8_9,c2022,c5154,3,5,1838,0.031294
8_9,c2023,c1046,4,39,184,0.047219
8_9,c2023,c1117,5,39,1138,0.023734
8_9,c2023,c1171,21,39,652,0.131693
8_9,c2023,c1183,12,39,2804,0.036288
8_9,c2023,c2007,3,39,790,0.017091
8_9,c2023,c2071,3,39,622,0.019262
8_9,c2023,c2103,3,39,558,0.020336
8_9,c2023,c2124,21,39,2906,0.062379
8_9,c2023,c2129,3,39,968,0.01544
8_9,c2023,c2131,11,39,2194,0.037605
8_9,c2023,c2184,7,39,1794,0.026464
8_9,c2023,c2185,16,39,1988,0.057462
8_9,c2023,c4123,4,39,368,0.033389
8_9,c2023,c5069,3,39,1268,0.013491
8_9,c2023,c5072,10,39,798,0.056685
8_9,c2023,c5154,5,39,1838,0.018675
8_9,c2023,c5175,3,39,50,0.067937
8_9,c2023,c6037,3,39,752,0.017518
8_9,c2023,c6050,3,39,136,0.041193
8_9,c2024,c1022,93,203,1106,0.196272
8_9,c2024,c1117,42,203,1138,0.087384
8_9,c2024,c1133,3,203,722,0.007836
8_9,c2024,c1168,5,203,980,0.01121
8_9,c2024,c1171,26,203,652,0.071466
8_9,c2024,c1172,22,203,1544,0.039296
8_9,c2024,c1176,24,203,898,0.056211
8_9,c2024,c1183,69,203,2804,0.091456
8_9,c2024,c2001,4,203,248,0.017827
8_9,c2024,c2007,21,203,790,0.052439
8_9,c2024,c2049,3,203,118,0.019384
8_9,c2024,c2066,3,203,318,0.011808
8_9,c2024,c2070,3,203,20,0.047082
8_9,c2024,c2071,11,203,622,0.030956
8_9,c2024,c2076,5,203,604,0.014279
8_9,c2024,c2103,25,203,558,0.074281
8_9,c2024,c2124,110,203,2906,0.143218
8_9,c2024,c2129,30,203,968,0.067676
8_9,c2024,c2131,86,203,2194,0.128864
8_9,c2024,c2181,23,203,816,0.056511
8_9,c2024,c2184,67,203,1794,0.111024
8_9,c2024,c2185,19,203,1988,0.029909
8_9,c2024,c4123,12,203,368,0.043905
8_9,c2024,c5069,15,203,1268,0.029565
8_9,c2024,c5072,18,203,798,0.044722
8_9,c2024,c5111,5,203,254,0.022019
8_9,c2024,c5154,21,203,1838,0.034379
8_9,c2024,c6005,6,203,1140,0.012472
8_9,c2024,c6024,4,203,176,0.021162
8_9,c2024,c6037,15,203,752,0.038391
8_9,c2048,c1022,3,34,1106,0.01547
8_9,c2048,c1117,5,34,1138,0.025419
8_9,c2048,c1168,3,34,980,0.016435
8_9,c2048,c1172,14,34,1544,0.061103
8_9,c2048,c2076,5,34,604,0.034891
8_9,c2048,c2103,3,34,558,0.02178
8_9,c2048,c2124,25,34,2906,0.079534
8_9,c2048,c2129,14,34,968,0.07717
8_9,c2048,c2131,9,34,2194,0.032952
8_9,c2048,c5154,20,34,1838,0.080005
8_9,c2048,c6037,7,34,752,0.043777
8_9,c2049,c1022,25,166,1106,0.058346
8_9,c2049,c1046,5,166,184,0.028609
8_9,c2049,c1104,4,166,170,0.023811
8_9,c2049,c1117,40,166,1138,0.092031
8_9,c2049,c1133,26,166,722,0.075102
8_9,c2049,c1168,50,166,980,0.123966
8_9,c2049,c1172,16,166,1544,0.031604
8_9,c2049,c1176,3,166,898,0.00777
8_9,c2049,c1183,59,166,2804,0.086479
8_9,c2049,c2007,11,166,790,0.030376
8_9,c2049,c2024,4,166,306,0.017748
8_9,c2049,c2071,8,166,622,0.024897
8_9,c2049,c2076,4,166,604,0.012632
8_9,c2049,c2103,4,166,558,0.013143
8_9,c2049,c2110,5,166,214,0.026528
8_9,c2049,c2124,41,166,2906,0.059031
8_9,c2049,c2129,10,166,968,0.024946
8_9,c2049,c2131,55,166,2194,0.091136
8_9,c2049,c2132,9,166,84,0.076216
8_9,c2049,c2181,3,166,816,0.008151
8_9,c2049,c2184,26,166,1794,0.047644
8_9,c2049,c2185,43,166,1988,0.074852
8_9,c2049,c4123,3,166,368,0.012138
8_9,c2049,c5069,72,166,1268,0.156935
8_9,c2049,c5072,4,166,798,0.01099
8_9,c2049,c5111,4,166,254,0.01948
8_9,c2049,c5154,49,166,1838,0.088709
8_9,c2049,c6005,35,166,1140,0.080457
8_9,c2049,c6024,7,166,176,0.040953
8_9,c2049,c6037,12,166,752,0.033964
8_9,c2049,c6050,9,166,136,0.059899
8_9,c2053,c2124,3,5,2906,0.024888
8_9,c2053,c2185,4,5,1988,0.040121
8_9,c2066,c1022,6,258,1106,0.011232
8_9,c2066,c1046,4,258,184,0.018359
8_9,c2066,c1091,3,258,48,0.026958
8_9,c2066,c1104,15,258,170,0.071624
8_9,c2066,c1109,5,258,18,0.073371
8_9,c2066,c1117,3,258,1138,0.005537
8_9,c2066,c1133,5,258,722,0.011585
8_9,c2066,c1153,19,258,446,0.056011
8_9,c2066,c1162,3,258,94,0.019264
8_9,c2066,c1168,14,258,980,0.027842
8_9,c2066,c1171,20,258,652,0.048764
8_9,c2066,c1172,74,258,1544,0.117246
8_9,c2066,c1176,53,258,898,0.11011
8_9,c2066,c1178,10,258,208,0.043168
8_9,c2066,c1182,4,258,146,0.02061
8_9,c2066,c1183,128,258,2804,0.150491
8_9,c2066,c2007,20,258,790,0.0443
8_9,c2066,c2024,4,258,306,0.014236
8_9,c2066,c2049,5,258,118,0.028656
8_9,c2066,c2071,59,258,622,0.147281
8_9,c2066,c2076,17,258,604,0.043065
8_9,c2066,c2103,26,258,558,0.068525
8_9,c2066,c2110,3,258,214,0.012767
8_9,c2066,c2112,3,258,118,0.017194
8_9,c2066,c2113,3,258,106,0.018141
8_9,c2066,c2124,117,258,2906,0.135123
8_9,c2066,c2129,7,258,968,0.014007
8_9,c2066,c2131,49,258,2194,0.065128
8_9,c2066,c2181,6,258,816,0.013077
8_9,c2066,c2184,44,258,1794,0.064674
8_9,c2066,c2185,30,258,1988,0.041889
8_9,c2066,c4004,9,258,236,0.036473
8_9,c2066,c4123,16,258,368,0.051926
8_9,c2066,c5069,25,258,1268,0.043709
8_9,c2066,c5072,25,258,798,0.055097
8_9,c2066,c5111,14,258,254,0.054689
8_9,c2066,c5154,85,258,1838,0.123434
8_9,c2066,c6005,19,258,1140,0.035034
8_9,c2066,c6024,3,258,176,0.014078
8_9,c2066,c6037,52,258,752,0.118055
8_9,c2066,c6050,4,258,136,0.021354
8_9,c2070,c1022,6,27,1106,0.034721
8_9,c2070,c1104,3,27,170,0.044281
8_9,c2070,c1117,19,27,1138,0.108393
8_9,c2070,c1172,12,27,1544,0.058773
8_9,c2070,c1183,5,27,2804,0.018172
8_9,c2070,c2124,9,27,2906,0.03213
8_9,c2070,c2131,13,27,2194,0.053413
8_9,c2070,c2184,3,27,1794,0.013631
8_9,c2070,c2185,5,27,1988,0.021581
8_9,c2070,c5069,7,27,1268,0.037832
8_9,c2070,c5154,4,27,1838,0.017956
8_9,c2070,c6005,6,27,1140,0.034199
8_9,c2070,c6037,3,27,752,0.021054
8_9,c2071,c1022,34,271,1106,0.062104
8_9,c2071,c1046,3,271,184,0.013435
8_9,c2071,c1104,9,271,170,0.041931
8_9,c2071,c1117,133,271,1138,0.239495
8_9,c2071,c1153,47,271,446,0.13519
8_9,c2071,c1168,18,271,980,0.034928
8_9,c2071,c1171,3,271,652,0.007137
8_9,c2071,c1172,8,271,1544,0.012367
8_9,c2071,c1176,21,271,898,0.042569
8_9,c2071,c1178,4,271,208,0.016848
8_9,c2071,c1182,3,271,146,0.015082
8_9,c2071,c1183,90,271,2804,0.103245
8_9,c2071,c2001,21,271,248,0.081004
8_9,c2071,c2007,33,271,790,0.071321
8_9,c2071,c2049,5,271,118,0.02796
8_9,c2071,c2066,3,271,318,0.010219
8_9,c2071,c2076,3,271,604,0.007415
8_9,c2071,c2113,5,271,106,0.029501
8_9,c2071,c2124,81,271,2906,0.091275
8_9,c2071,c2129,42,271,968,0.082002
8_9,c2071,c2131,102,271,2194,0.132281
8_9,c2071,c2181,29,271,816,0.061669
8_9,c2071,c2184,55,271,1794,0.07888
8_9,c2071,c2185,68,271,1988,0.092644
8_9,c2071,c4004,15,271,236,0.059313
8_9,c2071,c4123,18,271,368,0.056999
8_9,c2071,c5033,7,271,220,0.028668
8_9,c2071,c5069,20,271,1268,0.034118
8_9,c2071,c5072,6,271,798,0.012902
8_9,c2071,c5110,6,271,92,0.037999
8_9,c2071,c5111,6,271,254,0.022869
8_9,c2071,c5149,3,271,24,0.037199
8_9,c2071,c5154,87,271,1838,0.123271
8_9,c2071,c6005,31,271,1140,0.055773
8_9,c2071,c6024,14,271,176,0.064104
8_9,c2071,c6037,24,271,752,0.053164
8_9,c2071,c6050,3,271,136,0.015627
8_9,c2076,c1007,3,618,26,0.023667
8_9,c2076,c1022,71,618,1106,0.085879
8_9,c2076,c1046,6,618,184,0.017793
8_9,c2076,c1091,7,618,48,0.040643
8_9,c2076,c1103,7,618,38,0.045679
8_9,c2076,c1104,14,618,170,0.043193
8_9,c2076,c1112,3,618,20,0.026984
8_9,c2076,c1117,21,618,1138,0.025041
8_9,c2076,c1133,48,618,722,0.071859
8_9,c2076,c1143,3,618,88,0.012864
8_9,c2076,c1153,39,618,446,0.074285
8_9,c2076,c1162,15,618,94,0.062235
8_9,c2076,c1168,54,618,980,0.069388
8_9,c2076,c1171,44,618,652,0.069316
8_9,c2076,c1172,180,618,1544,0.18427
8_9,c2076,c1176,118,618,898,0.158398
8_9,c2076,c1178,3,618,208,0.008367
8_9,c2076,c1182,3,618,146,0.009987
8_9,c2076,c1183,198,618,2804,0.150412
8_9,c2076,c2001,17,618,248,0.043424
8_9,c2076,c2007,38,618,790,0.054385
8_9,c2076,c2016,3,618,6,0.049266
8_9,c2076,c2024,18,618,306,0.041392
8_9,c2076,c2049,6,618,118,0.022219
8_9,c2076,c2066,12,618,318,0.027069
8_9,c2076,c2071,52,618,622,0.083871
8_9,c2076,c2103,40,618,558,0.068116
8_9,c2076,c2110,5,618,214,0.013749
8_9,c2076,c2112,16,618,118,0.05925
8_9,c2076,c2113,12,618,106,0.046885
8_9,c2076,c2124,262,618,2906,0.195506
8_9,c2076,c2125,3,618,30,0.022033
8_9,c2076,c2127,5,618,24,0.041055
8_9,c2076,c2129,70,618,968,0.090504
8_9,c2076,c2131,128,618,2194,0.109925
8_9,c2076,c2132,8,618,84,0.035112
8_9,c2076,c2181,75,618,816,0.105614
8_9,c2076,c2184,105,618,1794,0.09972
8_9,c2076,c2185,100,618,1988,0.090219
8_9,c2076,c4004,8,618,236,0.020948
8_9,c2076,c4123,48,618,368,0.100652
8_9,c2076,c5033,8,618,220,0.021696
8_9,c2076,c5069,88,618,1268,0.09941
8_9,c2076,c5072,59,618,798,0.084015
8_9,c2076,c5110,9,618,92,0.037745
8_9,c2076,c5111,37,618,254,0.093388
8_9,c2076,c5149,4,618,24,0.032844
8_9,c2076,c5154,154,618,1838,0.144495
8_9,c2076,c6005,87,618,1140,0.103651
8_9,c2076,c6017,19,618,116,0.070963
8_9,c2076,c6024,17,618,176,0.051546
8_9,c2076,c6037,92,618,752,0.134954
8_9,c2076,c6050,6,618,136,0.020696
8_9,c2079,c1022,8,66,1106,0.02961
8_9,c2079,c1103,3,66,38,0.059904
8_9,c2079,c1117,10,66,1138,0.036489
8_9,c2079,c1133,7,66,722,0.032067
8_9,c2079,c1153,6,66,446,0.034971
8_9,c2079,c1168,4,66,980,0.015728
8_9,c2079,c1172,3,66,1544,0.009398
8_9,c2079,c1176,34,66,898,0.139659
8_9,c2079,c1182,4,66,146,0.040748
8_9,c2079,c1183,21,66,2804,0.048816
8_9,c2079,c2007,8,66,790,0.035035
8_9,c2079,c2071,14,66,622,0.069097
8_9,c2079,c2124,33,66,2906,0.075352
8_9,c2079,c2129,4,66,968,0.015825
8_9,c2079,c2131,21,66,2194,0.055186
8_9,c2079,c2181,3,66,816,0.012927
8_9,c2079,c2184,11,66,1794,0.031968
8_9,c2079,c2185,22,66,1988,0.060735
8_9,c2079,c5009,3,66,8,0.130558
8_9,c2079,c5033,5,66,220,0.041494
8_9,c2079,c5069,6,66,1268,0.020741
8_9,c2079,c5072,9,66,798,0.039217
8_9,c2079,c5154,9,66,1838,0.02584
8_9,c2080,c1022,18,97,1106,0.054955
8_9,c2080,c1117,28,97,1138,0.084275
8_9,c2080,c1171,6,97,652,0.023858
8_9,c2080,c1172,7,97,1544,0.018088
8_9,c2080,c1176,16,97,898,0.054212
8_9,c2080,c1182,4,97,146,0.033612
8_9,c2080,c1183,33,97,2804,0.063276
8_9,c2080,c2001,8,97,248,0.05158
8_9,c2080,c2066,5,97,318,0.028469
8_9,c2080,c2071,4,97,622,0.016285
8_9,c2080,c2076,4,97,604,0.016526
8_9,c2080,c2124,41,97,2906,0.077224
8_9,c2080,c2129,24,97,968,0.078323
8_9,c2080,c2131,39,97,2194,0.08454
8_9,c2080,c2181,25,97,816,0.088861
8_9,c2080,c2184,20,97,1794,0.047944
8_9,c2080,c2185,4,97,1988,0.009109
8_9,c2080,c4004,3,97,236,0.019828
8_9,c2080,c4123,14,97,368,0.0741
8_9,c2080,c5069,13,97,1268,0.037068
8_9,c2080,c5072,9,97,798,0.032349
8_9,c2080,c5111,4,97,254,0.025483
8_9,c2080,c5154,15,97,1838,0.035525
8_9,c2080,c6005,7,97,1140,0.02105
8_9,c2080,c6037,19,97,752,0.070349
8_9,c2082,c1022,8,17,1106,0.058343
8_9,c2082,c1117,5,17,1138,0.035948
8_9,c2082,c1171,5,17,652,0.047492
8_9,c2082,c2124,11,17,2906,0.04949
8_9,c2082,c2129,5,17,968,0.038977
8_9,c2082,c2131,5,17,2194,0.02589
8_9,c2082,c2184,6,17,1794,0.034357
8_9,c2090,c1022,20,83,1106,0.066011
8_9,c2090,c1103,4,83,38,0.071224
8_9,c2090,c1117,26,83,1138,0.084599
8_9,c2090,c1153,9,83,446,0.046777
8_9,c2090,c1172,14,83,1544,0.039108
8_9,c2090,c1176,20,83,898,0.073258
8_9,c2090,c1182,4,83,146,0.036337
8_9,c2090,c1183,22,83,2804,0.045603
8_9,c2090,c2007,15,83,790,0.058579
8_9,c2090,c2071,6,83,622,0.026407
8_9,c2090,c2076,5,83,604,0.022331
8_9,c2090,c2103,3,83,558,0.01394
8_9,c2090,c2112,5,83,118,0.050523
8_9,c2090,c2113,3,83,106,0.031984
8_9,c2090,c2124,20,83,2906,0.040723
8_9,c2090,c2129,3,83,968,0.010584
8_9,c2090,c2131,7,83,2194,0.016404
8_9,c2090,c2181,12,83,816,0.04611
8_9,c2090,c2184,15,83,1794,0.038872
8_9,c2090,c2185,44,83,1988,0.108319
8_9,c2090,c4004,3,83,236,0.021435
8_9,c2090,c4123,4,83,368,0.022887
8_9,c2090,c5069,5,83,1268,0.015412
8_9,c2090,c5072,11,83,798,0.042742
8_9,c2090,c5154,26,83,1838,0.066567
8_9,c2090,c6005,4,83,1140,0.013004
8_9,c2090,c6024,5,83,176,0.041369
8_9,c2091,c2124,3,5,2906,0.024888
8_9,c2091,c5154,3,5,1838,0.031294
8_9,c2095,c1172,7,13,1544,0.049409
8_9,c2095,c2024,5,13,306,0.079275
8_9,c2095,c2076,4,13,604,0.045141
8_9,c2095,c2110,5,13,214,0.094796
8_9,c2095,c2124,4,13,2906,0.02058
8_9,c2095,c2184,3,13,1794,0.019644
8_9,c2095,c2185,8,13,1988,0.049763
8_9,c2095,c5111,5,13,254,0.087012
8_9,c2095,c6005,3,13,1140,0.024643
8_9,c2099,c1022,7,11,1106,0.063464
8_9,c2099,c1172,3,11,1544,0.02302
8_9,c2099,c1176,3,11,898,0.030185
8_9,c2099,c1183,5,11,2804,0.02847
8_9,c2099,c2071,4,11,622,0.048358
8_9,c2099,c2181,4,11,816,0.04222
8_9,c2099,c2185,3,11,1988,0.020287
8_9,c2099,c4123,5,11,368,0.078587
8_9,c2099,c5154,4,11,1838,0.028131
8_9,c2101,c1022,4,17,1106,0.029171
8_9,c2101,c1104,3,17,170,0.055805
8_9,c2101,c1171,3,17,652,0.028495
8_9,c2101,c1183,4,17,2804,0.018321
8_9,c2101,c2124,6,17,2906,0.026995
8_9,c2101,c2129,8,17,968,0.062363
8_9,c2101,c2131,6,17,2194,0.031068
8_9,c2101,c2184,3,17,1794,0.017179
8_9,c2101,c4004,4,17,236,0.063151
8_9,c2101,c5072,3,17,798,0.025757
8_9,c2101,c5154,7,17,1838,0.039601
8_9,c2102,c1022,4,36,1106,0.020046
8_9,c2102,c1117,3,36,1138,0.014822
8_9,c2102,c1168,3,36,980,0.015972
8_9,c2102,c1172,15,36,1544,0.063623
8_9,c2102,c1182,5,36,146,0.068967
8_9,c2102,c2076,12,36,604,0.081379
8_9,c2102,c2103,3,36,558,0.021167
8_9,c2102,c2124,13,36,2906,0.040192
8_9,c2102,c2129,3,36,968,0.016071
8_9,c2102,c2131,3,36,2194,0.010675
8_9,c2102,c2181,13,36,816,0.075849
8_9,c2102,c2184,4,36,1794,0.01574
8_9,c2102,c2185,8,36,1988,0.029904
8_9,c2102,c4123,3,36,368,0.026064
8_9,c2102,c5069,7,36,1268,0.032763
8_9,c2102,c6005,7,36,1140,0.034554
8_9,c2102,c6017,14,36,116,0.216645
8_9,c2102,c6037,3,36,752,0.018233
8_9,c2103,c1022,14,59,1106,0.054806
8_9,c2103,c1104,3,59,170,0.029955
8_9,c2103,c1117,7,59,1138,0.027015
8_9,c2103,c1168,6,59,980,0.024952
8_9,c2103,c1171,4,59,652,0.020394
8_9,c2103,c1172,16,59,1544,0.053012
8_9,c2103,c1183,19,59,2804,0.046713
8_9,c2103,c2001,7,59,248,0.057869
8_9,c2103,c2007,17,59,790,0.078743
8_9,c2103,c2066,3,59,318,0.021902
8_9,c2103,c2071,4,59,622,0.02088
8_9,c2103,c2076,4,59,604,0.021189
8_9,c2103,c2124,11,59,2906,0.026566
8_9,c2103,c2129,14,59,968,0.058582
8_9,c2103,c2131,24,59,2194,0.066706
8_9,c2103,c2181,6,59,816,0.027345
8_9,c2103,c2184,21,59,1794,0.064548
8_9,c2103,c2185,9,59,1988,0.026279
8_9,c2103,c4004,4,59,236,0.033898
8_9,c2103,c4123,3,59,368,0.02036
8_9,c2103,c5154,5,59,1838,0.015183
8_9,c2103,c6005,8,59,1140,0.030847
8_9,c2103,c6017,3,59,116,0.036263
8_9,c2103,c6037,4,59,752,0.01899
8_9,c2106,c1153,3,6,446,0.057993
8_9,c2106,c5154,3,6,1838,0.028568
8_9,c2110,c1022,21,225,1106,0.042097
8_9,c2110,c1117,63,225,1138,0.124503
8_9,c2110,c1143,3,225,88,0.02132
8_9,c2110,c1153,7,225,446,0.022097
8_9,c2110,c1168,7,225,980,0.014907
8_9,c2110,c1171,25,225,652,0.065272
8_9,c2110,c1172,23,225,1544,0.039022
8_9,c2110,c1176,14,225,898,0.031146
8_9,c2110,c1182,3,225,146,0.016552
8_9,c2110,c1183,95,225,2804,0.119603
8_9,c2110,c2001,5,225,248,0.021167
8_9,c2110,c2007,6,225,790,0.014231
8_9,c2110,c2049,5,225,118,0.030686
8_9,c2110,c2066,15,225,318,0.056077
8_9,c2110,c2071,4,225,622,0.010692
8_9,c2110,c2076,18,225,604,0.048827
8_9,c2110,c2103,22,225,558,0.062089
8_9,c2110,c2113,4,225,106,0.025901
8_9,c2110,c2124,142,225,2906,0.17561
8_9,c2110,c2129,70,225,968,0.149992
8_9,c2110,c2131,120,225,2194,0.170794
8_9,c2110,c2181,15,225,816,0.035007
8_9,c2110,c2184,56,225,1794,0.088143
8_9,c2110,c2185,12,225,1988,0.017942
8_9,c2110,c4123,6,225,368,0.020851
8_9,c2110,c5069,23,225,1268,0.04306
8_9,c2110,c5072,25,225,798,0.058999
8_9,c2110,c5111,4,225,254,0.016732
8_9,c2110,c5154,13,225,1838,0.020215
8_9,c2110,c6005,6,225,1140,0.011847
8_9,c2110,c6017,9,225,116,0.055709
8_9,c2110,c6024,3,225,176,0.015076
8_9,c2110,c6037,30,225,752,0.072932
8_9,c2111,c1153,14,19,446,0.152084
8_9,c2111,c1172,5,19,1544,0.029192
8_9,c2111,c1183,12,19,2804,0.051989
8_9,c2111,c2124,3,19,2906,0.012767
8_9,c2111,c5110,15,19,92,0.358774
8_9,c2111,c5154,6,19,1838,0.032107
8_9,c2111,c6005,4,19,1140,0.027179
8_9,c2112,c1022,6,66,1106,0.022208
8_9,c2112,c1104,3,66,170,0.028322
8_9,c2112,c1117,8,66,1138,0.029191
8_9,c2112,c1133,9,66,722,0.041229
8_9,c2112,c1162,11,66,94,0.139655
8_9,c2112,c1168,9,66,980,0.035388
8_9,c2112,c1171,4,66,652,0.019283
8_9,c2112,c1172,3,66,1544,0.009398
8_9,c2112,c1177,3,66,28,0.069786
8_9,c2112,c1178,3,66,208,0.025605
8_9,c2112,c1183,25,66,2804,0.058114
8_9,c2112,c2007,3,66,790,0.013138
8_9,c2112,c2071,13,66,622,0.064162
8_9,c2112,c2103,8,66,558,0.041687
8_9,c2112,c2124,26,66,2906,0.059368
8_9,c2112,c2127,8,66,24,0.201008
8_9,c2112,c2129,12,66,968,0.047476
8_9,c2112,c2131,23,66,2194,0.060442
8_9,c2112,c2181,6,66,816,0.025854
8_9,c2112,c2184,23,66,1794,0.066841
8_9,c2112,c2185,8,66,1988,0.022086
8_9,c2112,c5069,7,66,1268,0.024197
8_9,c2112,c5072,8,66,798,0.034859
8_9,c2112,c5154,9,66,1838,0.02584
8_9,c2112,c6005,5,66,1140,0.018228
8_9,c2113,c1022,5,65,1106,0.018648
8_9,c2113,c1034,7,65,34,0.148902
8_9,c2113,c1153,9,65,446,0.052859
8_9,c2113,c1168,14,65,980,0.05547
8_9,c2113,c1172,10,65,1544,0.031566
8_9,c2113,c1176,4,65,898,0.016556
8_9,c2113,c1178,23,65,208,0.197806
8_9,c2113,c1183,21,65,2804,0.04919
8_9,c2113,c2001,8,65,248,0.06301
8_9,c2113,c2012,5,65,16,0.155043
8_9,c2113,c2024,8,65,306,0.056725
8_9,c2113,c2124,15,65,2906,0.034513
8_9,c2113,c2131,11,65,2194,0.029128
8_9,c2113,c2181,4,65,816,0.017368
8_9,c2113,c2184,22,65,1794,0.064425
8_9,c2113,c2185,20,65,1988,0.055637
8_9,c2113,c5069,4,65,1268,0.013933
8_9,c2113,c5072,3,65,798,0.013172
8_9,c2113,c5149,3,65,24,0.075955
8_9,c2113,c5154,22,65,1838,0.063649
8_9,c2113,c5175,3,65,50,0.052623
8_9,c2113,c6005,8,65,1140,0.029389
8_9,c2124,c1022,5,54,1106,0.02046
8_9,c2124,c1117,7,54,1138,0.028238
8_9,c2124,c1133,20,54,722,0.10129
8_9,c2124,c1153,4,54,446,0.025775
8_9,c2124,c1168,16,54,980,0.069552
8_9,c2124,c1171,4,54,652,0.021318
8_9,c2124,c1172,6,54,1544,0.020779
8_9,c2124,c1176,3,54,898,0.013623
8_9,c2124,c1178,8,54,208,0.075485
8_9,c2124,c1183,19,54,2804,0.048828
8_9,c2124,c2007,7,54,790,0.033891
8_9,c2124,c2103,4,54,558,0.023043
8_9,c2124,c2110,6,54,214,0.055815
8_9,c2124,c2131,6,54,2194,0.017432
8_9,c2124,c2181,8,54,816,0.038111
8_9,c2124,c2184,8,54,1794,0.025703
8_9,c2124,c2185,21,54,1988,0.064094
8_9,c2124,c5033,3,54,220,0.027524
8_9,c2124,c5069,8,54,1268,0.030573
8_9,c2124,c5072,13,54,798,0.062625
8_9,c2124,c5111,3,54,254,0.025616
8_9,c2124,c5154,9,54,1838,0.028568
8_9,c2124,c6005,14,54,1140,0.056426
8_9,c2125,c5154,3,6,1838,0.028568
8_9,c2126,c1171,3,15,652,0.030336
8_9,c2126,c1183,10,15,2804,0.04876
8_9,c2126,c2103,5,15,558,0.054652
8_9,c2126,c2124,10,15,2906,0.047897
8_9,c2126,c2129,3,15,968,0.024896
8_9,c2126,c2185,3,15,1988,0.017373
8_9,c2126,c5072,12,15,798,0.109682
8_9,c2126,c6005,3,15,1140,0.022942
8_9,c2126,c6037,3,15,752,0.028247
8_9,c2127,c1022,9,88,1106,0.028849
8_9,c2127,c1103,3,88,38,0.051879
8_9,c2127,c1117,18,88,1138,0.05688
8_9,c2127,c1153,6,88,446,0.030286
8_9,c2127,c1168,3,88,980,0.010216
8_9,c2127,c1172,23,88,1544,0.062397
8_9,c2127,c1176,5,88,898,0.017787
8_9,c2127,c1182,5,88,146,0.044112
8_9,c2127,c1183,26,88,2804,0.052341
8_9,c2127,c2001,7,88,248,0.047384
8_9,c2127,c2007,16,88,790,0.060683
8_9,c2127,c2071,3,88,622,0.012823
8_9,c2127,c2076,22,88,604,0.095425
8_9,c2127,c2124,17,88,2906,0.033617
8_9,c2127,c2129,4,88,968,0.013705
8_9,c2127,c2131,18,88,2194,0.040965
8_9,c2127,c2181,16,88,816,0.059708
8_9,c2127,c2184,27,88,1794,0.067953
8_9,c2127,c2185,33,88,1988,0.078898
8_9,c2127,c4123,13,88,368,0.07224
8_9,c2127,c5069,10,88,1268,0.029936
8_9,c2127,c5072,9,88,798,0.033963
8_9,c2127,c5111,10,88,254,0.066887
8_9,c2127,c5154,12,88,1838,0.029838
8_9,c2127,c6005,5,88,1140,0.015786
8_9,c2127,c6017,10,88,116,0.098976
8_9,c2127,c6024,4,88,176,0.032141
8_9,c2127,c6037,5,88,752,0.019437
8_9,c2128,c1117,8,26,1138,0.046508
8_9,c2128,c1133,4,26,722,0.029195
8_9,c2128,c1183,6,26,2804,0.022222
8_9,c2128,c2001,4,26,248,0.049814
8_9,c2128,c2066,11,26,318,0.120974
8_9,c2128,c2076,10,26,604,0.079799
8_9,c2128,c2079,3,26,36,0.098058
8_9,c2128,c2131,9,26,2194,0.037682
8_9,c2128,c2181,5,26,816,0.034327
8_9,c2128,c2184,4,26,1794,0.018521
8_9,c2128,c2185,7,26,1988,0.03079
8_9,c2128,c5111,4,26,254,0.049222
8_9,c2128,c6005,6,26,1140,0.034851
8_9,c2129,c1022,4,59,1106,0.015659
8_9,c2129,c1046,4,59,184,0.038391
8_9,c2129,c1104,6,59,170,0.05991
8_9,c2129,c1117,5,59,1138,0.019296
8_9,c2129,c1133,9,59,722,0.043606
8_9,c2129,c1168,3,59,980,0.012476
8_9,c2129,c1172,4,59,1544,0.013253
8_9,c2129,c1179,4,59,12,0.150329
8_9,c2129,c1183,13,59,2804,0.031962
8_9,c2129,c2001,4,59,248,0.033068
8_9,c2129,c2007,8,59,790,0.037055
8_9,c2129,c2024,4,59,306,0.02977
8_9,c2129,c2066,13,59,318,0.094908
8_9,c2129,c2071,4,59,622,0.02088
8_9,c2129,c2076,6,59,604,0.031784
8_9,c2129,c2090,3,59,52,0.054162
8_9,c2129,c2103,3,59,558,0.016534
8_9,c2129,c2112,3,59,118,0.035955
8_9,c2129,c2124,9,59,2906,0.021735
8_9,c2129,c2131,15,59,2194,0.041691
8_9,c2129,c2181,3,59,816,0.013673
8_9,c2129,c2184,17,59,1794,0.052253
8_9,c2129,c2185,23,59,1988,0.067157
8_9,c2129,c5069,24,59,1268,0.087746
8_9,c2129,c5072,6,59,798,0.027652
8_9,c2129,c5111,3,59,254,0.024506
8_9,c2129,c5154,8,59,1838,0.024294
8_9,c2129,c6005,9,59,1140,0.034703
8_9,c2131,c1022,14,74,1106,0.048937
8_9,c2131,c1104,6,74,170,0.053495
8_9,c2131,c1117,10,74,1138,0.03446
8_9,c2131,c1133,5,74,722,0.021631
8_9,c2131,c1168,12,74,980,0.044561
8_9,c2131,c1171,11,74,652,0.050079
8_9,c2131,c1172,18,74,1544,0.053252
8_9,c2131,c1176,4,74,898,0.015517
8_9,c2131,c1182,4,74,146,0.038483
8_9,c2131,c1183,26,74,2804,0.057078
8_9,c2131,c2001,3,74,248,0.022145
8_9,c2131,c2007,13,74,790,0.053767
8_9,c2131,c2071,6,74,622,0.027967
8_9,c2131,c2076,3,74,604,0.01419
8_9,c2131,c2103,4,74,558,0.019685
8_9,c2131,c2110,3,74,214,0.02384
8_9,c2131,c2124,17,74,2906,0.036659
8_9,c2131,c2129,4,74,968,0.014945
8_9,c2131,c2181,6,74,816,0.024417
8_9,c2131,c2184,9,74,1794,0.024701
8_9,c2131,c2185,20,74,1988,0.052144
8_9,c2131,c4004,5,74,236,0.037835
8_9,c2131,c4123,3,74,368,0.018179
8_9,c2131,c5069,5,74,1268,0.016323
8_9,c2131,c5072,25,74,798,0.102878
8_9,c2131,c5154,18,74,1838,0.048807
8_9,c2131,c6005,21,74,1140,0.072302
8_9,c2131,c6037,6,74,752,0.025435
8_9,c2132,c1022,3,47,1106,0.013158
8_9,c2132,c1117,7,47,1138,0.030268
8_9,c2132,c1133,7,47,722,0.038
8_9,c2132,c1171,7,47,652,0.039988
8_9,c2132,c1172,8,47,1544,0.029697
8_9,c2132,c1176,4,47,898,0.01947
8_9,c2132,c1183,12,47,2804,0.033055
8_9,c2132,c2007,4,47,790,0.020759
8_9,c2132,c2103,4,47,558,0.0247
8_9,c2132,c2110,3,47,214,0.029913
8_9,c2132,c2124,31,47,2906,0.083881
8_9,c2132,c2129,5,47,968,0.023441
8_9,c2132,c2131,10,47,2194,0.031141
8_9,c2132,c2184,5,47,1794,0.017219
8_9,c2132,c2185,14,47,1988,0.045801
8_9,c2132,c5069,3,47,1268,0.012289
8_9,c2132,c5072,19,47,798,0.098108
8_9,c2132,c5111,4,47,254,0.03661
8_9,c2132,c5154,7,47,1838,0.023816
8_9,c2132,c6005,6,47,1140,0.025921
8_9,c2132,c6037,7,47,752,0.037234
8_9,c2181,c1133,3,7,722,0.042199
8_9,c2181,c5154,3,7,1838,0.026448
8_9,c2184,c1022,34,148,1106,0.084037
8_9,c2184,c1104,4,148,170,0.025218
8_9,c2184,c1117,19,148,1138,0.046297
8_9,c2184,c1133,11,148,722,0.033651
8_9,c2184,c1168,20,148,980,0.052515
8_9,c2184,c1171,19,148,652,0.061164
8_9,c2184,c1172,24,148,1544,0.050206
8_9,c2184,c1176,16,148,898,0.043889
8_9,c2184,c1178,3,148,208,0.017099
8_9,c2184,c1183,56,148,2804,0.08693
8_9,c2184,c2001,7,148,248,0.036538
8_9,c2184,c2007,14,148,790,0.040943
8_9,c2184,c2049,3,148,118,0.022701
8_9,c2184,c2066,12,148,318,0.055314
8_9,c2184,c2071,6,148,622,0.019775
8_9,c2184,c2076,10,148,604,0.033446
8_9,c2184,c2103,5,148,558,0.017399
8_9,c2184,c2112,5,148,118,0.037835
8_9,c2184,c2124,40,148,2906,0.060993
8_9,c2184,c2129,20,148,968,0.05284
8_9,c2184,c2131,49,148,2194,0.08599
8_9,c2184,c2181,14,148,816,0.040286
8_9,c2184,c2185,43,148,1988,0.079274
8_9,c2184,c4004,7,148,236,0.037455
8_9,c2184,c4123,6,148,368,0.02571
8_9,c2184,c5069,27,148,1268,0.062327
8_9,c2184,c5072,28,148,798,0.081475
8_9,c2184,c5111,3,148,254,0.015473
8_9,c2184,c5154,31,148,1838,0.059437
8_9,c2184,c6005,18,148,1140,0.043822
8_9,c2184,c6024,3,148,176,0.018588
8_9,c2184,c6037,8,148,752,0.02398
8_9,c2184,c6050,10,148,136,0.070485
8_9,c2185,c1171,3,19,652,0.026954
8_9,c2185,c1172,4,19,1544,0.023354
8_9,c2185,c1183,9,19,2804,0.038992
8_9,c2185,c2103,4,19,558,0.038848
8_9,c2185,c2124,3,19,2906,0.012767
8_9,c2185,c2129,3,19,968,0.022121
8_9,c2185,c2131,8,19,2194,0.039183
8_9,c2185,c2184,6,19,1794,0.032498
8_9,c2185,c5072,5,19,798,0.040606
8_9,c2185,c5154,5,19,1838,0.026756
8_9,c4004,c1022,11,53,1106,0.045434
8_9,c4004,c1117,6,53,1138,0.024431
8_9,c4004,c1153,7,53,446,0.045529
8_9,c4004,c1171,21,53,652,0.112969
8_9,c4004,c1172,5,53,1544,0.017479
8_9,c4004,c1183,33,53,2804,0.085603
8_9,c4004,c2071,7,53,622,0.038554
8_9,c4004,c2103,5,53,558,0.029075
8_9,c4004,c2124,21,53,2906,0.05351
8_9,c4004,c2129,5,53,968,0.022075
8_9,c4004,c2131,12,53,2194,0.03519
8_9,c4004,c2181,3,53,816,0.014426
8_9,c4004,c2184,9,53,1794,0.029187
8_9,c4004,c2185,12,53,1988,0.036969
8_9,c4004,c5069,3,53,1268,0.011572
8_9,c4004,c5110,3,53,92,0.042962
8_9,c4004,c5154,17,53,1838,0.054468
8_9,c4004,c5175,4,53,50,0.077703
8_9,c4004,c6005,8,53,1140,0.032546
8_9,c4123,c1022,15,140,1106,0.03812
8_9,c4123,c1046,10,140,184,0.062306
8_9,c4123,c1117,12,140,1138,0.030064
8_9,c4123,c1133,36,140,722,0.113232
8_9,c4123,c1153,4,140,446,0.016008
8_9,c4123,c1168,23,140,980,0.062094
8_9,c4123,c1172,21,140,1544,0.045168
8_9,c4123,c1176,5,140,898,0.014102
8_9,c4123,c1183,41,140,2804,0.065438
8_9,c4123,c2001,3,140,248,0.0161
8_9,c4123,c2007,22,140,790,0.066152
8_9,c4123,c2024,7,140,306,0.03382
8_9,c4123,c2066,3,140,318,0.014218
8_9,c4123,c2090,8,140,52,0.093761
8_9,c4123,c2103,3,140,558,0.010733
8_9,c4123,c2110,20,140,214,0.115547
8_9,c4123,c2124,31,140,2906,0.048602
8_9,c4123,c2129,11,140,968,0.029881
8_9,c4123,c2131,29,140,2194,0.052326
8_9,c4123,c2181,5,140,816,0.014793
8_9,c4123,c2184,33,140,1794,0.065847
8_9,c4123,c2185,49,140,1988,0.09288
8_9,c4123,c5033,15,140,220,0.08547
8_9,c4123,c5069,40,140,1268,0.094937
8_9,c4123,c5072,27,140,798,0.080779
8_9,c4123,c5154,27,140,1838,0.053226
8_9,c4123,c6005,25,140,1140,0.062578
8_9,c4123,c6050,15,140,136,0.108707
8_9,c4144,c5154,3,4,1838,0.034988
8_9,c4158,c1133,9,21,722,0.073091
8_9,c4158,c1153,3,21,446,0.030999
8_9,c4158,c1172,8,21,1544,0.044428
8_9,c4158,c1176,6,21,898,0.043692
8_9,c4158,c2007,7,21,790,0.054347
8_9,c4158,c2024,4,21,306,0.049899
8_9,c4158,c2076,4,21,604,0.035517
8_9,c4158,c2184,3,21,1794,0.015456
8_9,c4158,c2185,12,21,1988,0.05873
8_9,c4158,c5069,6,21,1268,0.036769
8_9,c5001,c1153,3,7,446,0.053691
8_9,c5001,c1183,4,7,2804,0.028551
8_9,c5001,c2129,3,7,968,0.036445
8_9,c5001,c2184,3,7,1794,0.026771
8_9,c5001,c5154,6,7,1838,0.052897
8_9,c5009,c1117,3,10,1138,0.028122
8_9,c5009,c2124,3,10,2906,0.017598
8_9,c5009,c2131,3,10,2194,0.020254
8_9,c5009,c2184,4,10,1794,0.029864
8_9,c5009,c2185,5,10,1988,0.035462
8_9,c5033,c1022,4,94,1106,0.012406
8_9,c5033,c1046,3,94,184,0.022811
8_9,c5033,c1117,15,94,1138,0.045862
8_9,c5033,c1150,4,94,32,0.072932
8_9,c5033,c1168,26,94,980,0.085664
8_9,c5033,c1171,5,94,652,0.020197
8_9,c5033,c1172,25,94,1544,0.065622
8_9,c5033,c1176,8,94,898,0.027535
8_9,c5033,c1182,6,94,146,0.051217
8_9,c5033,c1183,13,94,2804,0.025322
8_9,c5033,c2007,13,94,790,0.047705
8_9,c5033,c2024,3,94,306,0.017689
8_9,c5033,c2076,14,94,604,0.058755
8_9,c5033,c2103,7,94,558,0.030564
8_9,c5033,c2110,3,94,214,0.021152
8_9,c5033,c2112,5,94,118,0.047475
8_9,c5033,c2113,3,94,106,0.030054
8_9,c5033,c2124,39,94,2906,0.07462
8_9,c5033,c2129,6,94,968,0.019891
8_9,c5033,c2131,23,94,2194,0.050646
8_9,c5033,c2132,5,94,84,0.056269
8_9,c5033,c2181,20,94,816,0.072214
8_9,c5033,c2184,10,94,1794,0.024351
8_9,c5033,c2185,14,94,1988,0.032386
8_9,c5033,c4123,3,94,368,0.01613
8_9,c5033,c5069,7,94,1268,0.020276
8_9,c5033,c5072,13,94,798,0.047465
8_9,c5033,c5111,10,94,254,0.064717
8_9,c5033,c5154,14,94,1838,0.033681
8_9,c5033,c6005,21,94,1140,0.064151
8_9,c5033,c6037,13,94,752,0.048896
8_9,c5046,c1172,5,13,1544,0.035292
8_9,c5046,c2076,6,13,604,0.067711
8_9,c5046,c2124,3,13,2906,0.015435
8_9,c5046,c2185,4,13,1988,0.024882
8_9,c5046,c5069,3,13,1268,0.023366
8_9,c5046,c6005,5,13,1140,0.041072
8_9,c5046,c6017,3,13,116,0.077254
8_9,c5069,c1022,72,406,1106,0.107446
8_9,c5069,c1091,5,406,48,0.035817
8_9,c5069,c1104,8,406,170,0.030451
8_9,c5069,c1117,12,406,1138,0.017654
8_9,c5069,c1153,11,406,446,0.02585
8_9,c5069,c1168,13,406,980,0.020609
8_9,c5069,c1171,83,406,652,0.161321
8_9,c5069,c1172,72,406,1544,0.090938
8_9,c5069,c1176,65,406,898,0.10765
8_9,c5069,c1182,10,406,146,0.041073
8_9,c5069,c1183,160,406,2804,0.149957
8_9,c5069,c2001,8,406,248,0.025212
8_9,c5069,c2007,28,406,790,0.04944
8_9,c5069,c2049,8,406,118,0.03655
8_9,c5069,c2066,6,406,318,0.016698
8_9,c5069,c2071,42,406,622,0.083578
8_9,c5069,c2076,16,406,604,0.03231
8_9,c5069,c2103,38,406,558,0.079837
8_9,c5069,c2110,8,406,214,0.027141
8_9,c5069,c2112,12,406,118,0.054825
8_9,c5069,c2113,9,406,106,0.043384
8_9,c5069,c2124,185,406,2906,0.170318
8_9,c5069,c2129,50,406,968,0.079757
8_9,c5069,c2131,112,406,2194,0.118669
8_9,c5069,c2181,39,406,816,0.067757
8_9,c5069,c2184,80,406,1794,0.093738
8_9,c5069,c2185,79,406,1988,0.087934
8_9,c5069,c4004,19,406,236,0.061381
8_9,c5069,c4123,33,406,368,0.085374
8_9,c5069,c5072,51,406,798,0.0896
8_9,c5069,c5110,3,406,92,0.015523
8_9,c5069,c5111,5,406,254,0.01557
8_9,c5069,c5154,127,406,1838,0.147017
8_9,c5069,c6005,33,406,1140,0.048506
8_9,c5069,c6017,7,406,116,0.032256
8_9,c5069,c6024,14,406,176,0.052373
8_9,c5069,c6037,69,406,752,0.124875
8_9,c5069,c6050,3,406,136,0.012767
8_9,c5072,c1022,45,240,1106,0.087343
8_9,c5072,c1104,4,240,170,0.019803
8_9,c5072,c1117,66,240,1138,0.126289
8_9,c5072,c1133,5,240,722,0.012011
8_9,c5072,c1153,15,240,446,0.045848
8_9,c5072,c1162,5,240,94,0.033289
8_9,c5072,c1168,16,240,980,0.032991
8_9,c5072,c1171,8,240,652,0.020224
8_9,c5072,c1172,41,240,1544,0.067353
8_9,c5072,c1176,45,240,898,0.096932
8_9,c5072,c1178,6,240,208,0.026854
8_9,c5072,c1182,3,240,146,0.016027
8_9,c5072,c1183,125,240,2804,0.152376
8_9,c5072,c2001,7,240,248,0.028692
8_9,c5072,c2007,17,240,790,0.039042
8_9,c5072,c2049,6,240,118,0.035654
8_9,c5072,c2066,6,240,318,0.021719
8_9,c5072,c2071,43,240,622,0.111293
8_9,c5072,c2076,7,240,604,0.018385
8_9,c5072,c2103,16,240,558,0.043722
8_9,c5072,c2112,4,240,118,0.023769
8_9,c5072,c2113,5,240,106,0.031348
8_9,c5072,c2124,52,240,2906,0.062266
8_9,c5072,c2129,32,240,968,0.066391
8_9,c5072,c2131,32,240,2194,0.044099
8_9,c5072,c2181,20,240,816,0.045194
8_9,c5072,c2184,47,240,1794,0.071628
8_9,c5072,c2185,45,240,1988,0.065148
8_9,c5072,c4004,23,240,236,0.096642
8_9,c5072,c5069,38,240,1268,0.068884
8_9,c5072,c5154,102,240,1838,0.153575
8_9,c5072,c6005,17,240,1140,0.032501
8_9,c5072,c6024,8,240,176,0.038925
8_9,c5072,c6037,26,240,752,0.061201
8_9,c5082,c1172,9,11,1544,0.069059
8_9,c5082,c1183,9,11,2804,0.051246
8_9,c5082,c2110,11,11,214,0.22672
8_9,c5082,c2131,3,11,2194,0.019311
8_9,c5082,c2184,4,11,1794,0.028474
8_9,c5082,c5154,4,11,1838,0.028131
8_9,c5089,c1117,3,20,1138,0.019885
8_9,c5089,c1183,11,20,2804,0.04645
8_9,c5089,c2124,8,20,2906,0.033184
8_9,c5089,c2129,12,20,968,0.086244
8_9,c5089,c2131,11,20,2194,0.052512
8_9,c5089,c2181,4,20,816,0.031311
8_9,c5089,c2184,4,20,1794,0.021117
8_9,c5089,c6005,3,20,1140,0.019868
8_9,c5089,c6037,5,20,752,0.040771
8_9,c5110,c1022,3,29,1106,0.016751
8_9,c5110,c1112,3,29,20,0.124568
8_9,c5110,c1162,5,29,94,0.095765
8_9,c5110,c1171,3,29,652,0.021817
8_9,c5110,c1172,5,29,1544,0.023629
8_9,c5110,c1183,5,29,2804,0.017534
8_9,c5110,c2113,5,29,106,0.090182
8_9,c5110,c2129,6,29,968,0.035811
8_9,c5110,c2131,6,29,2194,0.023787
8_9,c5110,c2181,8,29,816,0.052005
8_9,c5110,c2184,6,29,1794,0.026305
8_9,c5110,c2185,8,29,1988,0.033318
8_9,c5110,c4123,3,29,368,0.02904
8_9,c5110,c5069,3,29,1268,0.015645
8_9,c5110,c5154,5,29,1838,0.021657
8_9,c5110,c6005,7,29,1140,0.038499
8_9,c5110,c6017,3,29,116,0.051724
8_9,c5110,c6037,6,29,752,0.04063
8_9,c5111,c1022,5,78,1106,0.017023
8_9,c5111,c1046,4,78,184,0.033389
8_9,c5111,c1104,7,78,170,0.060789
8_9,c5111,c1117,5,78,1138,0.016782
8_9,c5111,c1133,16,78,722,0.067422
8_9,c5111,c1168,9,78,980,0.032552
8_9,c5111,c1171,4,78,652,0.017737
8_9,c5111,c1172,38,78,1544,0.1095
8_9,c5111,c1183,18,78,2804,0.038489
8_9,c5111,c2007,7,78,790,0.028199
8_9,c5111,c2024,16,78,306,0.103565
8_9,c5111,c2103,6,78,558,0.02876
8_9,c5111,c2110,3,78,214,0.02322
8_9,c5111,c2124,25,78,2906,0.05251
8_9,c5111,c2129,3,78,968,0.010918
8_9,c5111,c2131,8,78,2194,0.019339
8_9,c5111,c2181,14,78,816,0.055493
8_9,c5111,c2184,10,78,1794,0.026733
8_9,c5111,c2185,18,78,1988,0.045711
8_9,c5111,c4123,4,78,368,0.02361
8_9,c5111,c5033,3,78,220,0.022901
8_9,c5111,c5069,19,78,1268,0.060415
8_9,c5111,c5072,8,78,798,0.032066
8_9,c5111,c5154,13,78,1838,0.034334
8_9,c5111,c6005,12,78,1140,0.040242
8_9,c5111,c6037,5,78,752,0.020645
8_9,c5111,c6050,10,78,136,0.097092
8_9,c5154,c1133,5,11,722,0.056105
8_9,c5154,c1182,3,11,146,0.07486
8_9,c5154,c1183,4,11,2804,0.022776
8_9,c5154,c2076,3,11,604,0.036805
8_9,c5154,c2103,4,11,558,0.051056
8_9,c5154,c6037,3,11,752,0.032985
8_9,c5175,c1022,3,37,1106,0.01483
8_9,c5175,c1117,5,37,1138,0.024367
8_9,c5175,c1153,32,37,446,0.249105
8_9,c5175,c1176,4,37,898,0.021944
8_9,c5175,c1183,22,37,2804,0.068302
8_9,c5175,c2007,3,37,790,0.017547
8_9,c5175,c2071,12,37,622,0.079102
8_9,c5175,c2124,3,37,2906,0.009149
8_9,c5175,c2129,3,37,968,0.015852
8_9,c5175,c2131,6,37,2194,0.021059
8_9,c5175,c2181,4,37,816,0.02302
8_9,c5175,c2184,6,37,1794,0.023288
8_9,c5175,c4004,3,37,236,0.032104
8_9,c5175,c5110,5,37,92,0.085699
8_9,c5175,c5154,18,37,1838,0.069024
8_9,c6005,c1168,5,15,980,0.041239
8_9,c6005,c1172,3,15,1544,0.019713
8_9,c6005,c1183,4,15,2804,0.019504
8_9,c6005,c2124,7,15,2906,0.033528
8_9,c6005,c2129,3,15,968,0.024896
8_9,c6005,c2131,7,15,2194,0.038586
8_9,c6005,c2184,5,15,1794,0.03048
8_9,c6017,c1133,22,46,722,0.120719
8_9,c6017,c1168,9,46,980,0.042389
8_9,c6017,c1172,10,46,1544,0.037523
8_9,c6017,c1178,4,46,208,0.040893
8_9,c6017,c1183,5,46,2804,0.013922
8_9,c6017,c2001,5,46,248,0.046813
8_9,c6017,c2007,3,46,790,0.015737
8_9,c6017,c2024,5,46,306,0.042143
8_9,c6017,c2066,13,46,318,0.107486
8_9,c6017,c2076,6,46,604,0.035996
8_9,c6017,c2124,6,46,2906,0.016411
8_9,c6017,c2129,3,46,968,0.014217
8_9,c6017,c2131,14,46,2194,0.044069
8_9,c6017,c2181,13,46,816,0.0671
8_9,c6017,c2184,6,46,1794,0.020886
8_9,c6017,c2185,15,46,1988,0.049603
8_9,c6017,c5069,17,46,1268,0.07039
8_9,c6017,c5072,3,46,798,0.015658
8_9,c6017,c5154,3,46,1838,0.010317
8_9,c6017,c6005,6,46,1140,0.026201
8_9,c6024,c1022,47,228,1106,0.093595
8_9,c6024,c1117,36,228,1138,0.070675
8_9,c6024,c1133,20,228,722,0.049294
8_9,c6024,c1153,5,228,446,0.01568
8_9,c6024,c1168,79,228,980,0.167127
8_9,c6024,c1171,24,228,652,0.062247
8_9,c6024,c1172,35,228,1544,0.05899
8_9,c6024,c1176,3,228,898,0.00663
8_9,c6024,c1178,25,228,208,0.1148
8_9,c6024,c1182,5,228,146,0.027405
8_9,c6024,c1183,83,228,2804,0.103806
8_9,c6024,c2001,4,228,248,0.016822
8_9,c6024,c2024,6,228,306,0.022716
8_9,c6024,c2049,5,228,118,0.030483
8_9,c6024,c2066,4,228,318,0.014855
8_9,c6024,c2070,3,228,20,0.044426
8_9,c6024,c2076,6,228,604,0.016168
8_9,c6024,c2103,31,228,558,0.086911
8_9,c6024,c2113,4,228,106,0.02573
8_9,c6024,c2124,94,228,2906,0.115482
8_9,c6024,c2129,21,228,968,0.044701
8_9,c6024,c2131,59,228,2194,0.083419
8_9,c6024,c2181,18,228,816,0.041731
8_9,c6024,c2184,66,228,1794,0.103197
8_9,c6024,c2185,28,228,1988,0.041589
8_9,c6024,c4004,3,228,236,0.012933
8_9,c6024,c4123,10,228,368,0.034523
8_9,c6024,c5033,5,228,220,0.022325
8_9,c6024,c5069,13,228,1268,0.024178
8_9,c6024,c5072,7,228,798,0.016411
8_9,c6024,c5089,3,228,8,0.070244
8_9,c6024,c5111,4,228,254,0.016622
8_9,c6024,c5154,64,228,1838,0.098864
8_9,c6024,c5175,3,228,50,0.028098
8_9,c6024,c6005,27,228,1140,0.05296
8_9,c6024,c6037,26,228,752,0.062791
8_9,c6024,c6050,6,228,136,0.034073
8_9,c6037,c1022,34,201,1106,0.072111
8_9,c6037,c1104,8,201,170,0.043278
8_9,c6037,c1117,12,201,1138,0.025091
8_9,c6037,c1133,13,201,722,0.034125
8_9,c6037,c1143,14,201,88,0.105266
8_9,c6037,c1153,3,201,446,0.01002
8_9,c6037,c1168,49,201,980,0.110404
8_9,c6037,c1171,37,201,652,0.102207
8_9,c6037,c1172,36,201,1544,0.064622
8_9,c6037,c1176,3,201,898,0.007061
8_9,c6037,c1177,6,201,28,0.079979
8_9,c6037,c1178,23,201,208,0.112486
8_9,c6037,c1183,67,201,2804,0.089246
8_9,c6037,c2007,16,201,790,0.040152
8_9,c6037,c2024,10,201,306,0.040322
8_9,c6037,c2071,12,201,622,0.033938
8_9,c6037,c2090,11,201,52,0.107595
8_9,c6037,c2103,16,201,558,0.047775
8_9,c6037,c2110,5,201,214,0.024108
8_9,c6037,c2124,43,201,2906,0.056263
8_9,c6037,c2129,9,201,968,0.020404
8_9,c6037,c2131,29,201,2194,0.04367
8_9,c6037,c2181,10,201,816,0.024692
8_9,c6037,c2184,68,201,1794,0.11324
8_9,c6037,c2185,125,201,1988,0.197744
8_9,c6037,c4004,5,201,236,0.022957
8_9,c6037,c5069,23,201,1268,0.045559
8_9,c6037,c5072,11,201,798,0.027466
8_9,c6037,c5149,3,201,24,0.043193
8_9,c6037,c5154,55,201,1838,0.090488
8_9,c6037,c6005,15,201,1140,0.031336
8_9,c6037,c6024,4,201,176,0.021267
8_9,c6037,c6050,6,201,136,0.03629
8_9,c6050,c1022,16,159,1106,0.038154
8_9,c6050,c1091,4,159,48,0.045787
8_9,c6050,c1117,34,159,1138,0.07993
8_9,c6050,c1171,7,159,652,0.021741
8_9,c6050,c1172,26,159,1544,0.052475
8_9,c6050,c1176,24,159,898,0.063515
8_9,c6050,c1182,4,159,146,0.026253
8_9,c6050,c1183,62,159,2804,0.092855
8_9,c6050,c2007,12,159,790,0.033859
8_9,c6050,c2049,11,159,118,0.080307
8_9,c6050,c2066,4,159,318,0.017789
8_9,c6050,c2071,9,159,622,0.028619
8_9,c6050,c2076,3,159,604,0.009681
8_9,c6050,c2103,7,159,558,0.023501
8_9,c6050,c2113,9,159,106,0.069325
8_9,c6050,c2124,103,159,2906,0.151527
8_9,c6050,c2129,52,159,968,0.132546
8_9,c6050,c2131,74,159,2194,0.12529
8_9,c6050,c2181,14,159,816,0.038867
8_9,c6050,c2184,26,159,1794,0.048681
8_9,c6050,c2185,5,159,1988,0.008893
8_9,c6050,c4004,5,159,236,0.025812
8_9,c6050,c5069,18,159,1268,0.040088
8_9,c6050,c5072,11,159,798,0.030881
8_9,c6050,c5111,3,159,254,0.014928
8_9,c6050,c5154,37,159,1838,0.068443
8_9,c6050,c6005,16,159,1140,0.037581
8_9,c6050,c6037,26,159,752,0.075191
